{"epoch": 9990, "val_accuracy": 0.572992700729927, "val_loss": 1.3859169876195594, "val_precision": 0.29168054539689736, "val_recall": 0.26636985069257063, "val_f1": 0.27262781766572053, "_timestamp": 1697999775.208425, "_runtime": 37.10374999046326, "_step": 1999, "train_accuracy": 0.7547445255474453, "train_loss": 0.614396020212892, "_wandb": {"runtime": 35}}