{"epoch": 9990, "val_accuracy": 0.44525547445255476, "val_loss": 1.621989146371647, "val_precision": 0.19282727975834343, "val_recall": 0.1914270295274073, "val_f1": 0.18826265389876884, "_timestamp": 1698001357.133628, "_runtime": 40.55906295776367, "_step": 1999, "train_accuracy": 0.47737226277372263, "train_loss": 1.3430201784872766, "_wandb": {"runtime": 38}}