{"epoch": 9990, "mse": 15.789382096168561, "r2": 0.7723888078248848, "rmse": 3.9735855466025343, "_timestamp": 1697994183.1285162, "_runtime": 21.006375312805176, "_step": 999, "_wandb": {"runtime": 19}}