{"epoch": 9990, "mse": 8.695773459722005, "r2": 0.8746464331538132, "rmse": 2.9488596880357, "_timestamp": 1697995345.335724, "_runtime": 13.147885084152222, "_step": 999, "_wandb": {"runtime": 11}}