{"epoch": 9990, "val_accuracy": 0.3978102189781022, "val_loss": 1.268816179963472, "val_precision": 0.13184663536776212, "val_recall": 0.15831470202760003, "val_f1": 0.1438715865672512, "_timestamp": 1698001826.8442519, "_runtime": 31.694928884506226, "_step": 1999, "train_accuracy": 0.42773722627737226, "train_loss": 1.2573894731579869, "_wandb": {"runtime": 29}}