{"epoch": 9990, "mse": 15.550049095627012, "r2": 0.7758389029108306, "rmse": 3.9433550557395933, "_timestamp": 1697993124.170974, "_runtime": 12.624161005020142, "_step": 999, "_wandb": {"runtime": 10}}