{"epoch": 9990, "val_accuracy": 0.41605839416058393, "val_loss": 1.4523703461669961, "val_precision": 0.1475127590235504, "val_recall": 0.16583147020276, "val_f1": 0.15606777800644853, "_timestamp": 1698001312.945044, "_runtime": 32.379629135131836, "_step": 1999, "train_accuracy": 0.4905109489051095, "train_loss": 1.2986482922535298, "_wandb": {"runtime": 30}}