{"epoch": 9990, "mse": 8.443830481848694, "r2": 0.8782783068525191, "rmse": 2.905826987597282, "_timestamp": 1697994031.31615, "_runtime": 16.526526927947998, "_step": 999, "_wandb": {"runtime": 14}}