{"epoch": 9990, "val_accuracy": 0.572992700729927, "val_loss": 2.908865805885334, "val_precision": 0.27460317460317457, "val_recall": 0.2519787731606404, "val_f1": 0.2535544468648256, "_timestamp": 1697999416.2330759, "_runtime": 59.590009927749634, "_step": 1999, "train_accuracy": 0.8029197080291971, "train_loss": 0.51796102304099, "_wandb": {"runtime": 57}}