{"epoch": 9999, "acc": 0.6122448979591837, "_timestamp": 1697390441.223348, "_runtime": 8.608495950698853, "_step": 9999, "_wandb": {"runtime": 114}}