{"epoch": 9990, "mse": 66.06191434384735, "r2": 0.047687174229436025, "rmse": 8.127848075834548, "_timestamp": 1697996164.58933, "_runtime": 8.570194959640503, "_step": 999, "_wandb": {"runtime": 6}}