{"epoch": 9990, "mse": 13.68448399633072, "r2": 0.8027318803398937, "rmse": 3.699254518998486, "_timestamp": 1697995458.67009, "_runtime": 22.018743991851807, "_step": 999, "_wandb": {"runtime": 20}}