{"epoch": 999, "mse": 70.01370523804981, "r2": -0.009279705866172883, "rmse": 8.367419269885417, "_timestamp": 1697992366.317724, "_runtime": 16.236371994018555, "_step": 999, "_wandb": {"runtime": 14}}