{"learning rate": 1, "epoch": 9999, "acc": 0.6122448979591837, "_timestamp": 1697390068.1634638, "_runtime": 28.092216730117798, "_step": 59999, "_wandb": {"runtime": 27}}