{"epoch": 9990, "mse": 26.58504473656362, "r2": 0.6167643743331566, "rmse": 5.156068728844062, "_timestamp": 1697995129.112705, "_runtime": 12.88701605796814, "_step": 999, "_wandb": {"runtime": 11}}