{"epoch": 9990, "mse": 5.377853583544341, "r2": 0.9224757715002178, "rmse": 2.319019961868449, "_timestamp": 1697995845.8588202, "_runtime": 22.438915252685547, "_step": 999, "_wandb": {"runtime": 19}}