{"epoch": 9990, "val_accuracy": 0.5948905109489051, "val_loss": 1.3660932836278137, "val_precision": 0.5030835566549853, "val_recall": 0.3985471864586813, "val_f1": 0.4224046532984693, "_timestamp": 1697998789.871666, "_runtime": 38.81744694709778, "_step": 1999, "train_accuracy": 0.7737226277372263, "train_loss": 0.5865349232512986, "_wandb": {"runtime": 36}}