{"epoch": 999, "val_accuracy": 0.0, "val_precision": 0.0, "val_recall": 0.0, "val_f1": 0.0, "val_loss": 6.206739988558387, "_timestamp": 1698071056.400473, "_runtime": 167.6822371482849, "_step": 1999, "train_accuracy": 0.00375, "train_loss": 6.220035551592778, "_wandb": {"runtime": 165}}