{"epoch": 9990, "mse": 41.55847327049534, "r2": 0.40091552738023517, "rmse": 6.446586171804062, "_timestamp": 1697996034.835871, "_runtime": 6.523323059082031, "_step": 999, "_wandb": {"runtime": 4}}