{"epoch": 9990, "mse": 32.453010162213715, "r2": 0.5321749586080995, "rmse": 5.696754353332581, "_timestamp": 1697996071.4427829, "_runtime": 6.488495826721191, "_step": 999, "_wandb": {"runtime": 4}}