{"epoch": 9990, "val_accuracy": 0.48175182481751827, "val_loss": 1.7709776700590603, "val_precision": 0.24218116171737739, "val_recall": 0.23344383625009638, "val_f1": 0.2360026327336551, "_timestamp": 1698000250.2816472, "_runtime": 19.33207130432129, "_step": 1999, "train_accuracy": 0.4291970802919708, "train_loss": 1.7750972072132067, "_wandb": {"runtime": 17}}