{"epoch": 9990, "val_accuracy": 0.6313868613138686, "val_loss": 0.9689831701249322, "val_precision": 0.3572316986496091, "val_recall": 0.32967560112730104, "val_f1": 0.3389823393527424, "_timestamp": 1697998961.504849, "_runtime": 38.29405903816223, "_step": 1999, "train_accuracy": 0.7211678832116788, "train_loss": 0.6965642010242424, "_wandb": {"runtime": 36}}