{"epoch": 9990, "val_accuracy": 0.5547445255474452, "val_loss": 1.1573644625270842, "val_precision": 0.1909104902639883, "val_recall": 0.22123711870069127, "val_f1": 0.2049062049062049, "_timestamp": 1698000668.2118888, "_runtime": 22.68304181098938, "_step": 1999, "train_accuracy": 0.5255474452554745, "train_loss": 1.2235493672519, "_wandb": {"runtime": 20}}