{"epoch": 9990, "val_accuracy": 0.6058394160583942, "val_loss": 1.0392364961533753, "val_precision": 0.2898158179848321, "val_recall": 0.28221930974224557, "val_f1": 0.2829133164247297, "_timestamp": 1697999189.1497831, "_runtime": 52.442222118377686, "_step": 1999, "train_accuracy": 0.6773722627737226, "train_loss": 0.7691776549307497, "_wandb": {"runtime": 50}}