{"epoch": 9990, "val_accuracy": 0.1678832116788321, "val_loss": 7.856713113340111, "val_precision": 0.10221260221260221, "val_recall": 0.08254310898671396, "val_f1": 0.08399799704147531, "_timestamp": 1698000806.831563, "_runtime": 16.97416090965271, "_step": 1999, "train_accuracy": 0.23503649635036497, "train_loss": 6.581059572597152, "_wandb": {"runtime": 15}}