{"epoch": 9990, "mse": 19.594071219935138, "r2": 0.7175424672878258, "rmse": 4.426519086137, "_timestamp": 1697995906.067778, "_runtime": 7.669897079467773, "_step": 999, "_wandb": {"runtime": 4}}