{"data": "validation", "epoch": 20, "loss": 0.0544610396027565, "accuracy": 0.9805, "confusion_matrix": {"_type": "histogram", "values": [90, 0, 0, 0, 0, 0, 0, 0, 0, 0, 0, 0, 0, 0, 0, 0, 0, 0, 0, 0, 0, 0, 0, 0, 1, 0, 1, 4, 3, 0, 0, 1], "bins": [0.0, 35.21875, 70.4375, 105.65625, 140.875, 176.09375, 211.3125, 246.53125, 281.75, 316.96875, 352.1875, 387.40625, 422.625, 457.84375, 493.0625, 528.28125, 563.5, 598.71875, 633.9375, 669.15625, 704.375, 739.59375, 774.8125, 810.03125, 845.25, 880.46875, 915.6875, 950.90625, 986.125, 1021.34375, 1056.5625, 1091.78125, 1127.0]}, "class_report": "              precision    recall  f1-score   support\n\n           0       0.98      0.99      0.98       980\n           1       0.99      0.99      0.99      1135\n           2       0.99      0.97      0.98      1032\n           3       0.98      0.99      0.98      1010\n           4       0.97      0.99      0.98       982\n           5       0.98      0.98      0.98       892\n           6       0.98      0.97      0.98       958\n           7       0.97      0.99      0.98      1028\n           8       0.97      0.98      0.97       974\n           9       0.99      0.95      0.97      1009\n\n    accuracy                           0.98     10000\n   macro avg       0.98      0.98      0.98     10000\nweighted avg       0.98      0.98      0.98     10000\n", "_timestamp": 1697474577.096684, "_runtime": 91.4162609577179, "_step": 5, "_wandb": {"runtime": 90}}