{"epoch": 9990, "mse": 29.893573569553567, "r2": 0.5690704121859411, "rmse": 5.467501583863837, "_timestamp": 1697993209.631521, "_runtime": 16.555522918701172, "_step": 999, "_wandb": {"runtime": 14}}