{"epoch": 9990, "val_accuracy": 0.6021897810218978, "val_loss": 0.9887581002520911, "val_precision": 0.30171213598101887, "val_recall": 0.287950042402282, "val_f1": 0.2910648782117435, "_timestamp": 1697999510.142462, "_runtime": 48.32995390892029, "_step": 1999, "train_accuracy": 0.6773722627737226, "train_loss": 0.7719458681461774, "_wandb": {"runtime": 46}}