{"epoch": 9990, "mse": 8.194961754304014, "r2": 0.8818658638212806, "rmse": 2.86268436162704, "_timestamp": 1697993828.567856, "_runtime": 16.63415503501892, "_step": 999, "_wandb": {"runtime": 14}}