{"data": "validation", "epoch": 20, "loss": 0.05858605355024338, "accuracy": 0.98, "confusion_matrix": {"_type": "histogram", "values": [90, 0, 0, 0, 0, 0, 0, 0, 0, 0, 0, 0, 0, 0, 0, 0, 0, 0, 0, 0, 0, 0, 0, 0, 1, 0, 1, 3, 4, 0, 0, 1], "bins": [0.0, 35.125, 70.25, 105.375, 140.5, 175.625, 210.75, 245.875, 281.0, 316.125, 351.25, 386.375, 421.5, 456.625, 491.75, 526.875, 562.0, 597.125, 632.25, 667.375, 702.5, 737.625, 772.75, 807.875, 843.0, 878.125, 913.25, 948.375, 983.5, 1018.625, 1053.75, 1088.875, 1124.0]}, "class_report": "              precision    recall  f1-score   support\n\n           0       0.98      0.99      0.99       980\n           1       0.99      0.99      0.99      1135\n           2       0.99      0.97      0.98      1032\n           3       0.98      0.99      0.98      1010\n           4       0.99      0.97      0.98       982\n           5       0.99      0.97      0.98       892\n           6       0.98      0.98      0.98       958\n           7       0.97      0.98      0.98      1028\n           8       0.97      0.98      0.98       974\n           9       0.96      0.99      0.97      1009\n\n    accuracy                           0.98     10000\n   macro avg       0.98      0.98      0.98     10000\nweighted avg       0.98      0.98      0.98     10000\n", "_timestamp": 1697482543.7837949, "_runtime": 235.25909090042114, "_step": 5, "_wandb": {"runtime": 233}}