{"epoch": 9990, "val_accuracy": 0.5474452554744526, "val_loss": 1.063023554906756, "val_precision": 0.24841814370116255, "val_recall": 0.2244108652635366, "val_f1": 0.21296471779373127, "_timestamp": 1698001169.610894, "_runtime": 23.79717206954956, "_step": 1999, "train_accuracy": 0.5474452554744526, "train_loss": 1.0434402924929949, "_wandb": {"runtime": 21}}