{"epoch": 999, "mse": 10.85031692676208, "r2": 0.8435876998772844, "rmse": 3.2939819256884335, "_timestamp": 1697990914.042325, "_runtime": 16.655182123184204, "_step": 999, "_wandb": {"runtime": 14}}