{"epoch": 9990, "mse": 12.791631476481214, "r2": 0.8156027593421072, "rmse": 3.576539036062827, "_timestamp": 1697996375.019563, "_runtime": 10.313392877578735, "_step": 999, "_wandb": {"runtime": 8}}