{"epoch": 9990, "mse": 70.92104943472619, "r2": -0.022359489043298764, "rmse": 8.42146361594742, "_timestamp": 1697994056.793725, "_runtime": 21.09831690788269, "_step": 999, "_wandb": {"runtime": 19}}