{"data": "validation", "epoch": 20, "loss": 0.007314728572964668, "accuracy": 0.9817, "confusion_matrix": {"_type": "histogram", "values": [90, 0, 0, 0, 0, 0, 0, 0, 0, 0, 0, 0, 0, 0, 0, 0, 0, 0, 0, 0, 0, 0, 0, 0, 0, 1, 1, 3, 3, 1, 0, 1], "bins": [0.0, 34.90625, 69.8125, 104.71875, 139.625, 174.53125, 209.4375, 244.34375, 279.25, 314.15625, 349.0625, 383.96875, 418.875, 453.78125, 488.6875, 523.59375, 558.5, 593.40625, 628.3125, 663.21875, 698.125, 733.03125, 767.9375, 802.84375, 837.75, 872.65625, 907.5625, 942.46875, 977.375, 1012.28125, 1047.1875, 1082.09375, 1117.0]}, "class_report": "              precision    recall  f1-score   support\n\n           0       0.98      0.99      0.99       980\n           1       1.00      0.98      0.99      1135\n           2       0.99      0.98      0.98      1032\n           3       0.97      0.99      0.98      1010\n           4       1.00      0.97      0.98       982\n           5       0.97      0.99      0.98       892\n           6       0.98      0.98      0.98       958\n           7       0.99      0.97      0.98      1028\n           8       0.97      0.99      0.98       974\n           9       0.96      0.98      0.97      1009\n\n    accuracy                           0.98     10000\n   macro avg       0.98      0.98      0.98     10000\nweighted avg       0.98      0.98      0.98     10000\n", "_timestamp": 1697477783.87441, "_runtime": 160.33227586746216, "_step": 5, "_wandb": {"runtime": 158}}