{"epoch": 9990, "mse": 61.91511724976226, "r2": 0.10746515822806546, "rmse": 7.868615967866411, "_timestamp": 1697996151.80879, "_runtime": 7.505927085876465, "_step": 999, "_wandb": {"runtime": 5}}