{"epoch": 9990, "val_accuracy": 0.4562043795620438, "val_loss": 1.3011195047381678, "val_precision": 0.2570828418286046, "val_recall": 0.19370133374450696, "val_f1": 0.18905405405405407, "_timestamp": 1698001415.459158, "_runtime": 27.15331792831421, "_step": 1999, "train_accuracy": 0.5284671532846715, "train_loss": 1.1373348734095485, "_wandb": {"runtime": 25}}