{"epoch": 9990, "val_accuracy": 0.635036496350365, "val_loss": 0.9367185427293915, "val_precision": 0.323183785214001, "val_recall": 0.2978246344409323, "val_f1": 0.30241269245823577, "_timestamp": 1697999993.717131, "_runtime": 50.214170932769775, "_step": 1999, "train_accuracy": 0.6773722627737226, "train_loss": 0.7490612701602085, "_wandb": {"runtime": 48}}