{"epoch": 9990, "val_accuracy": 0.43795620437956206, "val_loss": 1.3709373348143215, "val_precision": 0.17181738700726043, "val_recall": 0.18053092796751727, "val_f1": 0.14259423941504867, "_timestamp": 1698000385.201565, "_runtime": 20.95639705657959, "_step": 1999, "train_accuracy": 0.4802919708029197, "train_loss": 1.1182511644410196, "_wandb": {"runtime": 19}}