{"epoch": 9990, "mse": 24.06365107104249, "r2": 0.6531114216499296, "rmse": 4.905471544208822, "_timestamp": 1697996532.711222, "_runtime": 12.870789051055908, "_step": 999, "_wandb": {"runtime": 11}}