{"data": "validation", "epoch": 20, "loss": 0.7312459349632263, "accuracy": 0.7264, "confusion_matrix": {"_type": "histogram", "values": [65, 15, 6, 3, 1, 0, 0, 0, 0, 0, 0, 0, 0, 0, 0, 1, 0, 1, 1, 0, 1, 2, 1, 0, 2, 0, 0, 0, 0, 0, 0, 1], "bins": [0.0, 33.3125, 66.625, 99.9375, 133.25, 166.5625, 199.875, 233.1875, 266.5, 299.8125, 333.125, 366.4375, 399.75, 433.0625, 466.375, 499.6875, 533.0, 566.3125, 599.625, 632.9375, 666.25, 699.5625, 732.875, 766.1875, 799.5, 832.8125, 866.125, 899.4375, 932.75, 966.0625, 999.375, 1032.6875, 1066.0]}, "class_report": "              precision    recall  f1-score   support\n\n           0       0.80      0.82      0.81       980\n           1       0.87      0.94      0.90      1135\n           2       0.76      0.71      0.74      1032\n           3       0.64      0.69      0.66      1010\n           4       0.70      0.76      0.72       982\n           5       0.62      0.64      0.63       892\n           6       0.85      0.74      0.79       958\n           7       0.73      0.78      0.75      1028\n           8       0.62      0.55      0.58       974\n           9       0.65      0.61      0.63      1009\n\n    accuracy                           0.73     10000\n   macro avg       0.72      0.72      0.72     10000\nweighted avg       0.73      0.73      0.73     10000\n", "_timestamp": 1697485892.015394, "_runtime": 117.92301607131958, "_step": 5, "_wandb": {"runtime": 115}}