{"epoch": 9990, "mse": 52.63472721514585, "r2": 0.2412462414119142, "rmse": 7.254979477238089, "_timestamp": 1697993967.967972, "_runtime": 16.43009305000305, "_step": 999, "_wandb": {"runtime": 14}}