{"epoch": 9999, "acc": 0.6239067055393586, "_timestamp": 1697390401.493998, "_runtime": 8.509886026382446, "_step": 9999, "_wandb": {"runtime": 6}}