{"epoch": 9990, "mse": 26.33929254082876, "r2": 0.62030700506501, "rmse": 5.132182044786482, "_timestamp": 1697996096.374849, "_runtime": 8.27013111114502, "_step": 999, "_wandb": {"runtime": 6}}