{"epoch": 9990, "mse": 16.24677868009717, "r2": 0.7657952260665413, "rmse": 4.030729298786656, "_timestamp": 1697993188.6509619, "_runtime": 12.57510781288147, "_step": 999, "_wandb": {"runtime": 10}}