{"data": "validation", "epoch": 20, "loss": 0.13508856296539307, "accuracy": 0.9746, "confusion_matrix": {"_type": "histogram", "values": [90, 0, 0, 0, 0, 0, 0, 0, 0, 0, 0, 0, 0, 0, 0, 0, 0, 0, 0, 0, 0, 0, 0, 0, 0, 1, 0, 1, 5, 2, 0, 1], "bins": [0.0, 34.0625, 68.125, 102.1875, 136.25, 170.3125, 204.375, 238.4375, 272.5, 306.5625, 340.625, 374.6875, 408.75, 442.8125, 476.875, 510.9375, 545.0, 579.0625, 613.125, 647.1875, 681.25, 715.3125, 749.375, 783.4375, 817.5, 851.5625, 885.625, 919.6875, 953.75, 987.8125, 1021.875, 1055.9375, 1090.0]}, "class_report": "              precision    recall  f1-score   support\n\n           0       0.99      0.99      0.99       980\n           1       1.00      0.96      0.98      1135\n           2       0.97      0.97      0.97      1032\n           3       0.99      0.97      0.98      1010\n           4       0.98      0.98      0.98       982\n           5       0.96      0.99      0.98       892\n           6       0.98      0.98      0.98       958\n           7       0.98      0.96      0.97      1028\n           8       0.94      0.99      0.96       974\n           9       0.96      0.96      0.96      1009\n\n    accuracy                           0.97     10000\n   macro avg       0.97      0.98      0.97     10000\nweighted avg       0.97      0.97      0.97     10000\n", "_timestamp": 1697483892.075787, "_runtime": 123.72146010398865, "_step": 5, "_wandb": {"runtime": 121}}