{"learning rate": 0.002, "epoch": 9999, "acc": 0.6180758017492711, "_timestamp": 1697389960.951285, "_runtime": 8.173276901245117, "_step": 9999, "_wandb": {"runtime": 81}}