{"epoch": 9990, "val_accuracy": 0.6021897810218978, "val_loss": 2.63034692575985, "val_precision": 0.3337791549693663, "val_recall": 0.325859395746066, "val_f1": 0.3285263714644151, "_timestamp": 1697999896.9191391, "_runtime": 62.96819710731506, "_step": 1999, "train_accuracy": 0.9284671532846716, "train_loss": 0.1954229064209854, "_wandb": {"runtime": 61}}