{"epoch": 57, "mse": 70.01370523804981, "r2": -0.009279705866172883, "rmse": 8.367419269885417, "_timestamp": 1697992375.554081, "_runtime": 5.500936985015869, "_step": 57, "_wandb": {"runtime": 4}}