{"epoch": 9990, "val_accuracy": 0.5474452554744526, "val_loss": 1.0330479879343124, "val_precision": 0.26965778587752026, "val_recall": 0.2442628427517796, "val_f1": 0.2435808683143438, "_timestamp": 1698001204.9419131, "_runtime": 30.972830057144165, "_step": 1999, "train_accuracy": 0.5503649635036496, "train_loss": 1.0544673314467603, "_wandb": {"runtime": 29}}