{"epoch": 0, "loss": 0.06265889108181, "accuracy": 0.9771, "confusion_matrix": {"_type": "histogram", "values": [90, 0, 0, 0, 0, 0, 0, 0, 0, 0, 0, 0, 0, 0, 0, 0, 0, 0, 0, 0, 0, 0, 0, 0, 1, 0, 2, 3, 3, 0, 0, 1], "bins": [0.0, 35.15625, 70.3125, 105.46875, 140.625, 175.78125, 210.9375, 246.09375, 281.25, 316.40625, 351.5625, 386.71875, 421.875, 457.03125, 492.1875, 527.34375, 562.5, 597.65625, 632.8125, 667.96875, 703.125, 738.28125, 773.4375, 808.59375, 843.75, 878.90625, 914.0625, 949.21875, 984.375, 1019.53125, 1054.6875, 1089.84375, 1125.0]}, "class_report": "              precision    recall  f1-score   support\n\n           0       0.97      0.99      0.98       980\n           1       0.99      0.99      0.99      1135\n           2       0.96      0.98      0.97      1032\n           3       0.98      0.98      0.98      1010\n           4       1.00      0.97      0.98       982\n           5       0.99      0.96      0.98       892\n           6       0.99      0.98      0.99       958\n           7       0.98      0.97      0.97      1028\n           8       0.95      0.98      0.96       974\n           9       0.96      0.97      0.96      1009\n\n    accuracy                           0.98     10000\n   macro avg       0.98      0.98      0.98     10000\nweighted avg       0.98      0.98      0.98     10000\n", "_timestamp": 1697472666.465596, "_runtime": 38.08954906463623, "_step": 1, "_wandb": {"runtime": 36}}