{"epoch": 999, "mse": 21.669397618640854, "r2": 0.6876256844216666, "rmse": 4.655040023312458, "_timestamp": 1697992345.0382478, "_runtime": 12.71431589126587, "_step": 999, "_wandb": {"runtime": 10}}