{"epoch": 999, "mse": 14.298223729779409, "r2": 0.7938845403005776, "rmse": 3.7812992118819966, "_timestamp": 1697990939.1711738, "_runtime": 20.850688695907593, "_step": 999, "_wandb": {"runtime": 19}}