{"epoch": 9990, "mse": 26.422379955316934, "r2": 0.6191092618378706, "rmse": 5.140270416555625, "_timestamp": 1697996023.941706, "_runtime": 7.660370826721191, "_step": 999, "_wandb": {"runtime": 5}}