{"epoch": 9990, "mse": 70.01370867764136, "r2": -0.009279755449464133, "rmse": 8.367419475420206, "_timestamp": 1697992732.088922, "_runtime": 16.635716915130615, "_step": 999, "_wandb": {"runtime": 14}}