{"epoch": 9990, "mse": 7.266679142223469, "r2": 0.8952474838697533, "rmse": 2.6956778632142733, "_timestamp": 1697995605.4928908, "_runtime": 12.878290891647339, "_step": 999, "_wandb": {"runtime": 10}}