{"epoch": 9990, "mse": 20.800309605771908, "r2": 0.700153987144938, "rmse": 4.560735643048378, "_timestamp": 1697996406.485794, "_runtime": 8.90726613998413, "_step": 999, "_wandb": {"runtime": 6}}