{"epoch": 9990, "val_accuracy": 0.5255474452554745, "val_loss": 1.3510745647603848, "val_precision": 0.30704809286898843, "val_recall": 0.2560369713634689, "val_f1": 0.25341247524913163, "_timestamp": 1698001073.937599, "_runtime": 22.57034182548523, "_step": 1999, "train_accuracy": 0.5532846715328467, "train_loss": 1.0346077078800355, "_wandb": {"runtime": 20}}