{"epoch": 9990, "mse": 29.71260105876661, "r2": 0.5716792140174668, "rmse": 5.45092662386558, "_timestamp": 1697995941.3404968, "_runtime": 7.429989814758301, "_step": 999, "_wandb": {"runtime": 5}}