{"epoch": 9990, "mse": 29.13138112138721, "r2": 0.5800577662658777, "rmse": 5.397349453332368, "_timestamp": 1697996000.7693598, "_runtime": 6.243127822875977, "_step": 999, "_wandb": {"runtime": 4}}