{"epoch": 999, "mse": 33.336228877979444, "r2": 0.5194429553148489, "rmse": 5.773753447972942, "_timestamp": 1697990893.257536, "_runtime": 12.62302303314209, "_step": 999, "_wandb": {"runtime": 10}}