{"epoch": 9990, "val_accuracy": 0.3357664233576642, "val_loss": 2.2878390935877135, "val_precision": 0.13732123212321232, "val_recall": 0.24066293183940243, "val_f1": 0.11693240730406566, "_timestamp": 1698000877.861264, "_runtime": 18.066477060317993, "_step": 1999, "train_accuracy": 0.30656934306569344, "train_loss": 2.5034868083816204, "_wandb": {"runtime": 16}}