{"epoch": 9999, "acc": 0.6122448979591837, "_timestamp": 1697390601.070583, "_runtime": 8.41955304145813, "_step": 9999, "_wandb": {"runtime": 6}}