{"epoch": 9990, "mse": 31.60431088847142, "r2": 0.5444093482959336, "rmse": 5.621771152267888, "_timestamp": 1697995918.0822442, "_runtime": 7.574791193008423, "_step": 999, "_wandb": {"runtime": 5}}