{"epoch": 9990, "val_accuracy": 0.5474452554744526, "val_loss": 2.1349480213103513, "val_precision": 0.26361516987407935, "val_recall": 0.26668465551358156, "val_f1": 0.265005381317622, "_timestamp": 1697999089.722641, "_runtime": 66.53320407867432, "_step": 1999, "train_accuracy": 0.9401459854014599, "train_loss": 0.21707042774258142, "_wandb": {"runtime": 64}}