{"epoch": 54, "mse": 70.01370523804981, "r2": -0.009279705866172883, "rmse": 8.367419269885417, "_timestamp": 1697992494.438663, "_runtime": 5.4810099601745605, "_step": 54}