{"epoch": 9990, "mse": 17.033786718915792, "r2": 0.754450143853959, "rmse": 4.12720083336343, "_timestamp": 1697993870.58262, "_runtime": 12.730605840682983, "_step": 999, "_wandb": {"runtime": 10}}