{"epoch": 9990, "mse": 16.90442860107989, "r2": 0.7563149005137717, "rmse": 4.111499556254371, "_timestamp": 1697993534.2207282, "_runtime": 12.738725185394287, "_step": 999, "_wandb": {"runtime": 10}}