{"data": "validation", "epoch": 20, "loss": 1.2849258184432983, "accuracy": 0.7298, "confusion_matrix": {"_type": "histogram", "values": [68, 12, 7, 1, 2, 0, 0, 0, 0, 0, 0, 0, 0, 0, 1, 0, 0, 2, 1, 0, 1, 1, 2, 0, 1, 0, 0, 0, 0, 0, 0, 1], "bins": [1.0, 35.15625, 69.3125, 103.46875, 137.625, 171.78125, 205.9375, 240.09375, 274.25, 308.40625, 342.5625, 376.71875, 410.875, 445.03125, 479.1875, 513.34375, 547.5, 581.65625, 615.8125, 649.96875, 684.125, 718.28125, 752.4375, 786.59375, 820.75, 854.90625, 889.0625, 923.21875, 957.375, 991.53125, 1025.6875, 1059.84375, 1094.0]}, "class_report": "              precision    recall  f1-score   support\n\n           0       0.75      0.78      0.77       980\n           1       0.82      0.96      0.88      1135\n           2       0.79      0.62      0.69      1032\n           3       0.68      0.74      0.71      1010\n           4       0.74      0.61      0.67       982\n           5       0.80      0.57      0.67       892\n           6       0.76      0.86      0.81       958\n           7       0.72      0.76      0.74      1028\n           8       0.63      0.63      0.63       974\n           9       0.62      0.71      0.66      1009\n\n    accuracy                           0.73     10000\n   macro avg       0.73      0.73      0.72     10000\nweighted avg       0.73      0.73      0.73     10000\n", "_timestamp": 1697477396.197335, "_runtime": 51.18528890609741, "_step": 5, "_wandb": {"runtime": 49}}