{"epoch": 9990, "mse": 19.224271980009387, "r2": 0.7228732931144664, "rmse": 4.384549233388694, "_timestamp": 1697996083.671252, "_runtime": 7.441857099533081, "_step": 999, "_wandb": {"runtime": 5}}