{"epoch": 9990, "mse": 16.869311546288866, "r2": 0.7568211289816105, "rmse": 4.107226746393345, "_timestamp": 1697995185.8099542, "_runtime": 18.005101203918457, "_step": 999, "_wandb": {"runtime": 16}}