{"epoch": 9990, "mse": 22.73293199042383, "r2": 0.6722943481599724, "rmse": 4.76790645780974, "_timestamp": 1697996011.769815, "_runtime": 6.8983800411224365, "_step": 999, "_wandb": {"runtime": 5}}