{"epoch": 9990, "mse": 27.692387567341, "r2": 0.6008015190216136, "rmse": 5.262355705132541, "_timestamp": 1697995857.562795, "_runtime": 6.415715932846069, "_step": 999, "_wandb": {"runtime": 4}}