{"epoch": 9990, "val_accuracy": 0.46715328467153283, "val_loss": 2.0362665999682505, "val_precision": 0.21370096311956777, "val_recall": 0.20008737439930102, "val_f1": 0.2027664850002455, "_timestamp": 1698000549.79707, "_runtime": 28.58437204360962, "_step": 1999, "train_accuracy": 0.47153284671532847, "train_loss": 1.9449617655832152, "_wandb": {"runtime": 26}}