{"epoch": 9990, "val_accuracy": 0.40875912408759124, "val_loss": 1.3091034918542384, "val_precision": 0.2196335799276976, "val_recall": 0.20090329709865598, "val_f1": 0.20590548903927353, "_timestamp": 1698000408.232586, "_runtime": 18.035858869552612, "_step": 1999, "train_accuracy": 0.4583941605839416, "train_loss": 1.3222273337722994, "_wandb": {"runtime": 16}}