{"epoch": 1, "val_accuracy": 0.5547445255474452, "val_loss": 1.2457003616465832, "val_precision": 0.2720632338957088, "val_recall": 0.27681408955019315, "val_f1": 0.2715985045881953, "_timestamp": 1697997874.396275, "_runtime": 16.857088088989258, "_step": 1988, "train_accuracy": 0.5620437956204379, "train_loss": 1.1744580785419183}