{"epoch": 9990, "mse": 7.491741274454965, "r2": 0.8920031099025721, "rmse": 2.7371045421128812, "_timestamp": 1697995625.854212, "_runtime": 16.22649908065796, "_step": 999, "_wandb": {"runtime": 14}}