{"epoch": 9990, "mse": 51.19819216860644, "r2": 0.26195455365318376, "rmse": 7.155291200825194, "_timestamp": 1697996047.796913, "_runtime": 7.462646961212158, "_step": 999, "_wandb": {"runtime": 5}}