{"epoch": 1, "val_accuracy": 0.5328467153284672, "val_loss": 1.3201222578680902, "val_precision": 0.21687691131498474, "val_recall": 0.22218153316372422, "val_f1": 0.21547539616346958, "_timestamp": 1697998029.462336, "_runtime": 18.568884134292603, "_step": 2417, "train_accuracy": 0.5737226277372263, "train_loss": 1.1403507181885735}