{"epoch": 9990, "mse": 26.61493416941975, "r2": 0.6163335044356275, "rmse": 5.15896638576176, "_timestamp": 1697996129.645738, "_runtime": 7.537479877471924, "_step": 999, "_wandb": {"runtime": 5}}