{"epoch": 9990, "val_accuracy": 0.4197080291970803, "val_loss": 1.8883260089828697, "val_precision": 0.21319006559428608, "val_recall": 0.21034530019959052, "val_f1": 0.2096347935642775, "_timestamp": 1698001586.4637702, "_runtime": 24.991804122924805, "_step": 1999, "train_accuracy": 0.40145985401459855, "train_loss": 1.8842014675060543, "_wandb": {"runtime": 23}}