{"epoch": 9990, "val_accuracy": 0.5109489051094891, "val_loss": 1.6658759616569416, "val_precision": 0.24481352375795315, "val_recall": 0.22723768406445147, "val_f1": 0.2238986013986014, "_timestamp": 1698000335.374475, "_runtime": 17.376929998397827, "_step": 1999, "train_accuracy": 0.47883211678832116, "train_loss": 1.5688291460240313, "_wandb": {"runtime": 15}}