{"epoch": 5320, "val_accuracy": 0.5620437956204379, "val_loss": 1.2341066217611485, "val_precision": 0.28029606132698914, "val_recall": 0.26801454526764834, "val_f1": 0.27116613301477516, "_timestamp": 1697998715.675457, "_runtime": 21.699706077575684, "_step": 1064, "train_accuracy": 0.745985401459854, "train_loss": 0.6202061307824822, "_wandb": {"runtime": 21}}