{"epoch": 9990, "mse": 9.262812098711423, "r2": 0.8664723108326455, "rmse": 3.043486832353875, "_timestamp": 1697993946.3979478, "_runtime": 11.685305833816528, "_step": 999, "_wandb": {"runtime": 10}}