{"epoch": 9990, "mse": 8.062471721134703, "r2": 0.883775768478557, "rmse": 2.839449193265254, "_timestamp": 1697994073.208246, "_runtime": 12.633557081222534, "_step": 999, "_wandb": {"runtime": 10}}