{"epoch": 9990, "mse": 48.41213746347634, "r2": 0.30211681136772917, "rmse": 6.957883116543159, "_timestamp": 1697993705.3412108, "_runtime": 16.35147976875305, "_step": 999, "_wandb": {"runtime": 14}}