{"epoch": 9990, "val_accuracy": 0.40145985401459855, "val_loss": 2.5499985270138286, "val_precision": 0.15932377049180327, "val_recall": 0.16424459692133736, "val_f1": 0.1605409159766006, "_timestamp": 1698000619.8232, "_runtime": 21.449071884155273, "_step": 1999, "train_accuracy": 0.4321167883211679, "train_loss": 2.218737797136859, "_wandb": {"runtime": 19}}