{"data": "validation", "epoch": 20, "loss": 0.4235789179801941, "accuracy": 0.8967, "confusion_matrix": {"_type": "histogram", "values": [86, 3, 1, 0, 0, 0, 0, 0, 0, 0, 0, 0, 0, 0, 0, 0, 0, 0, 0, 0, 1, 0, 0, 0, 1, 3, 3, 1, 0, 0, 0, 1], "bins": [0.0, 34.375, 68.75, 103.125, 137.5, 171.875, 206.25, 240.625, 275.0, 309.375, 343.75, 378.125, 412.5, 446.875, 481.25, 515.625, 550.0, 584.375, 618.75, 653.125, 687.5, 721.875, 756.25, 790.625, 825.0, 859.375, 893.75, 928.125, 962.5, 996.875, 1031.25, 1065.625, 1100.0]}, "class_report": "              precision    recall  f1-score   support\n\n           0       0.90      0.95      0.92       980\n           1       0.98      0.97      0.97      1135\n           2       0.85      0.90      0.87      1032\n           3       0.86      0.90      0.88      1010\n           4       0.93      0.90      0.91       982\n           5       0.93      0.80      0.86       892\n           6       0.94      0.90      0.92       958\n           7       0.96      0.82      0.88      1028\n           8       0.84      0.90      0.87       974\n           9       0.82      0.91      0.86      1009\n\n    accuracy                           0.90     10000\n   macro avg       0.90      0.90      0.90     10000\nweighted avg       0.90      0.90      0.90     10000\n", "_timestamp": 1697477340.149141, "_runtime": 50.651447057724, "_step": 5, "_wandb": {"runtime": 48}}