{"epoch": 9990, "mse": 22.246804806370534, "r2": 0.6793020947099752, "rmse": 4.716651864020762, "_timestamp": 1697992858.47918, "_runtime": 16.555955171585083, "_step": 999, "_wandb": {"runtime": 14}}