{"epoch": 9990, "mse": 25.98825003503464, "r2": 0.6253674439575065, "rmse": 5.097867204531189, "_timestamp": 1697996421.831938, "_runtime": 10.935251951217651, "_step": 999, "_wandb": {"runtime": 9}}