{"epoch": 9990, "val_accuracy": 0.4306569343065693, "val_loss": 2.3311689210242297, "val_precision": 0.2027818239636681, "val_recall": 0.1995734073445892, "val_f1": 0.200940705617239, "_timestamp": 1698001762.109333, "_runtime": 32.298831939697266, "_step": 1999, "train_accuracy": 0.41897810218978104, "train_loss": 2.0267781974780275, "_wandb": {"runtime": 30}}