{"epoch": 9990, "val_accuracy": 0.25547445255474455, "val_loss": 3.3216891614962885, "val_precision": 0.18426745446060633, "val_recall": 0.12900573073266006, "val_f1": 0.15013380528848375, "_timestamp": 1698000750.559579, "_runtime": 24.380162000656128, "_step": 1999, "train_accuracy": 0.2583941605839416, "train_loss": 3.3888157799350638, "_wandb": {"runtime": 22}}