{"epoch": 9990, "val_accuracy": 0.44525547445255476, "val_loss": 2.1465454923121445, "val_precision": 0.22067044067044064, "val_recall": 0.3421028962043533, "val_f1": 0.24030231140347888, "_timestamp": 1698000517.259816, "_runtime": 23.916029930114746, "_step": 1999, "train_accuracy": 0.4554744525547445, "train_loss": 2.158808745797399, "_wandb": {"runtime": 22}}