{"epoch": 999, "mse": 17.946943370607322, "r2": 0.7412865714691612, "rmse": 4.236383288916068, "_timestamp": 1697990955.640736, "_runtime": 12.490706205368042, "_step": 999, "_wandb": {"runtime": 10}}