{"data": "validation", "epoch": 20, "loss": 0.4897451400756836, "accuracy": 0.9659, "confusion_matrix": {"_type": "histogram", "values": [90, 0, 0, 0, 0, 0, 0, 0, 0, 0, 0, 0, 0, 0, 0, 0, 0, 0, 0, 0, 0, 0, 0, 0, 0, 1, 1, 4, 2, 1, 0, 1], "bins": [0.0, 34.65625, 69.3125, 103.96875, 138.625, 173.28125, 207.9375, 242.59375, 277.25, 311.90625, 346.5625, 381.21875, 415.875, 450.53125, 485.1875, 519.84375, 554.5, 589.15625, 623.8125, 658.46875, 693.125, 727.78125, 762.4375, 797.09375, 831.75, 866.40625, 901.0625, 935.71875, 970.375, 1005.03125, 1039.6875, 1074.34375, 1109.0]}, "class_report": "              precision    recall  f1-score   support\n\n           0       0.98      0.97      0.97       980\n           1       0.99      0.98      0.98      1135\n           2       0.94      0.99      0.96      1032\n           3       0.97      0.96      0.97      1010\n           4       0.98      0.95      0.96       982\n           5       0.93      0.98      0.96       892\n           6       0.98      0.96      0.97       958\n           7       0.97      0.96      0.96      1028\n           8       0.96      0.96      0.96       974\n           9       0.97      0.94      0.95      1009\n\n    accuracy                           0.97     10000\n   macro avg       0.97      0.97      0.97     10000\nweighted avg       0.97      0.97      0.97     10000\n", "_timestamp": 1697477958.7073631, "_runtime": 169.68583011627197, "_step": 5, "_wandb": {"runtime": 167}}