{"epoch": 9990, "mse": 28.848600147420736, "r2": 0.5841341838366809, "rmse": 5.371089288721677, "_timestamp": 1697995301.585572, "_runtime": 17.463459968566895, "_step": 999, "_wandb": {"runtime": 15}}