{"epoch": 9990, "val_accuracy": 0.3175182481751825, "val_loss": 2.2402412073452815, "val_precision": 0.14666175242026636, "val_recall": 0.18904564884057598, "val_f1": 0.1502239242816852, "_timestamp": 1698000489.019437, "_runtime": 18.826483011245728, "_step": 1999, "train_accuracy": 0.3284671532846715, "train_loss": 2.2647836018764296, "_wandb": {"runtime": 17}}