{"epoch": 6, "val_accuracy": 0.572992700729927, "val_loss": 1.003263342913626, "val_precision": 0.26569058366991366, "val_recall": 0.24664636496800554, "val_f1": 0.24404794511709826, "_timestamp": 1697997978.796607, "_runtime": 52.4766731262207, "_step": 8269, "train_accuracy": 0.602919708029197, "train_loss": 0.934338111220313}