{"epoch": 9990, "mse": 13.440674681304209, "r2": 0.8062465035543164, "rmse": 3.666152572016638, "_timestamp": 1697992796.187395, "_runtime": 17.070219039916992, "_step": 999, "_wandb": {"runtime": 15}}