{"epoch": 9990, "mse": 9.619440380252701, "r2": 0.861331350418199, "rmse": 3.1015222682180923, "_timestamp": 1697995409.726146, "_runtime": 13.022525072097778, "_step": 999, "_wandb": {"runtime": 11}}