{"epoch": 9990, "val_accuracy": 0.5875912408759124, "val_loss": 0.9555038520725235, "val_precision": 0.31696009389671365, "val_recall": 0.2650977822321589, "val_f1": 0.2705858376003653, "_timestamp": 1698000226.021934, "_runtime": 62.75003695487976, "_step": 1999, "train_accuracy": 0.5795620437956205, "train_loss": 0.9926615947122511, "_wandb": {"runtime": 60}}