{"epoch": 9990, "val_accuracy": 0.42700729927007297, "val_loss": 2.0184481210627707, "val_precision": 0.19995467495467492, "val_recall": 0.1939004959782078, "val_f1": 0.19623676675270144, "_timestamp": 1698001623.133926, "_runtime": 32.56245493888855, "_step": 1999, "train_accuracy": 0.4116788321167883, "train_loss": 2.0265177275246398, "_wandb": {"runtime": 30}}