{"epoch": 9990, "mse": 23.3996399839276, "r2": 0.662683446333048, "rmse": 4.837317436754343, "_timestamp": 1697992837.6114602, "_runtime": 12.401277303695679, "_step": 999, "_wandb": {"runtime": 10}}