{"epoch": 9990, "val_accuracy": 0.12408759124087591, "val_loss": 4.983635436837961, "val_precision": 0.09819769602378298, "val_recall": 0.08642784330857724, "val_f1": 0.08088392444980007, "_timestamp": 1698000721.660626, "_runtime": 18.49054503440857, "_step": 1999, "train_accuracy": 0.12554744525547445, "train_loss": 4.950651105019248, "_wandb": {"runtime": 16}}