{"epoch": 9990, "val_accuracy": 0.6021897810218978, "val_loss": 1.6697778229240874, "val_precision": 0.28406478965238885, "val_recall": 0.2622516896666924, "val_f1": 0.2602703785072304, "_timestamp": 1697999573.941782, "_runtime": 59.87893891334534, "_step": 1999, "train_accuracy": 0.7503649635036497, "train_loss": 0.66879815224562, "_wandb": {"runtime": 58}}