{"data": "validation", "epoch": 0, "loss": 0.14264026284217834, "accuracy": 0.9813, "confusion_matrix": {"_type": "histogram", "values": [90, 0, 0, 0, 0, 0, 0, 0, 0, 0, 0, 0, 0, 0, 0, 0, 0, 0, 0, 0, 0, 0, 0, 0, 1, 0, 2, 3, 3, 0, 0, 1], "bins": [0.0, 35.34375, 70.6875, 106.03125, 141.375, 176.71875, 212.0625, 247.40625, 282.75, 318.09375, 353.4375, 388.78125, 424.125, 459.46875, 494.8125, 530.15625, 565.5, 600.84375, 636.1875, 671.53125, 706.875, 742.21875, 777.5625, 812.90625, 848.25, 883.59375, 918.9375, 954.28125, 989.625, 1024.96875, 1060.3125, 1095.65625, 1131.0]}, "class_report": "              precision    recall  f1-score   support\n\n           0       0.98      0.99      0.99       980\n           1       0.99      1.00      0.99      1135\n           2       0.97      0.98      0.97      1032\n           3       0.98      0.99      0.98      1010\n           4       0.97      0.99      0.98       982\n           5       0.98      0.98      0.98       892\n           6       0.98      0.99      0.99       958\n           7       0.98      0.98      0.98      1028\n           8       0.99      0.96      0.98       974\n           9       0.99      0.95      0.97      1009\n\n    accuracy                           0.98     10000\n   macro avg       0.98      0.98      0.98     10000\nweighted avg       0.98      0.98      0.98     10000\n", "_timestamp": 1697473092.2860842, "_runtime": 35.640326261520386, "_step": 1, "_wandb": {"runtime": 33}}