{"data": "validation", "epoch": 20, "loss": 0.44553816318511963, "accuracy": 0.7927, "confusion_matrix": {"_type": "histogram", "values": [70, 14, 6, 0, 0, 0, 0, 0, 0, 0, 0, 0, 0, 0, 0, 0, 0, 2, 0, 0, 0, 1, 2, 2, 1, 1, 0, 0, 0, 0, 0, 1], "bins": [0.0, 34.40625, 68.8125, 103.21875, 137.625, 172.03125, 206.4375, 240.84375, 275.25, 309.65625, 344.0625, 378.46875, 412.875, 447.28125, 481.6875, 516.09375, 550.5, 584.90625, 619.3125, 653.71875, 688.125, 722.53125, 756.9375, 791.34375, 825.75, 860.15625, 894.5625, 928.96875, 963.375, 997.78125, 1032.1875, 1066.59375, 1101.0]}, "class_report": "              precision    recall  f1-score   support\n\n           0       0.87      0.87      0.87       980\n           1       0.87      0.97      0.92      1135\n           2       0.81      0.79      0.80      1032\n           3       0.78      0.75      0.76      1010\n           4       0.79      0.75      0.77       982\n           5       0.84      0.66      0.74       892\n           6       0.77      0.90      0.83       958\n           7       0.81      0.80      0.81      1028\n           8       0.73      0.63      0.67       974\n           9       0.67      0.77      0.71      1009\n\n    accuracy                           0.79     10000\n   macro avg       0.79      0.79      0.79     10000\nweighted avg       0.79      0.79      0.79     10000\n", "_timestamp": 1697476945.841957, "_runtime": 81.10157203674316, "_step": 5, "_wandb": {"runtime": 79}}