{"epoch": 110, "mse": 25.519069813056003, "r2": 0.6321308922684734, "rmse": 5.0516403091526625, "_timestamp": 1697995055.547019, "_runtime": 5.152892112731934, "_step": 11, "_wandb": {"runtime": 3}}