{"epoch": 9990, "mse": 40.81784774385595, "r2": 0.41159198438450384, "rmse": 6.3888847026578865, "_timestamp": 1697995327.9875772, "_runtime": 21.828907251358032, "_step": 999, "_wandb": {"runtime": 19}}