{"epoch": 9990, "mse": 40.756062460745866, "r2": 0.4124826476075426, "rmse": 6.384047498315302, "_timestamp": 1697996223.2265081, "_runtime": 8.037270069122314, "_step": 999, "_wandb": {"runtime": 6}}