{"epoch": 9990, "mse": 44.36242568207467, "r2": 0.36049526600998627, "rmse": 6.660512418881499, "_timestamp": 1697994753.889941, "_runtime": 16.234591960906982, "_step": 999, "_wandb": {"runtime": 14}}