{"epoch": 999, "mse": 24.453298803072872, "r2": 0.6474944706967136, "rmse": 4.945027684763036, "_timestamp": 1697992485.0400279, "_runtime": 13.217599868774414, "_step": 999, "_wandb": {"runtime": 11}}