{"epoch": 9990, "mse": 12.245402636360843, "r2": 0.823476898858333, "rmse": 3.4993431721339996, "_timestamp": 1697995954.310508, "_runtime": 8.10786509513855, "_step": 999, "_wandb": {"runtime": 6}}