{"epoch": 9990, "mse": 17.131620292779314, "r2": 0.753039827969132, "rmse": 4.139036155046162, "_timestamp": 1697996314.123351, "_runtime": 8.844395160675049, "_step": 999, "_wandb": {"runtime": 7}}