{"epoch": 9990, "mse": 7.433674024415946, "r2": 0.8928401759718593, "rmse": 2.7264764852123604, "_timestamp": 1697995819.392782, "_runtime": 16.966558933258057, "_step": 999, "_wandb": {"runtime": 15}}