{"epoch": 9990, "mse": 15.41927640163839, "r2": 0.7777240513353483, "rmse": 3.926738646973897, "_timestamp": 1697993441.135165, "_runtime": 12.66237998008728, "_step": 999, "_wandb": {"runtime": 10}}