{"epoch": 280, "mse": 29.077664313008995, "r2": 0.5808321187212391, "rmse": 5.392370936147568, "_timestamp": 1697992869.2091038, "_runtime": 5.5021727085113525, "_step": 28, "_wandb": {"runtime": 4}}