{"epoch": 9990, "val_accuracy": 0.4416058394160584, "val_loss": 1.1875694897522904, "val_precision": 0.14435137457044675, "val_recall": 0.17370801531621824, "val_f1": 0.15191777811586119, "_timestamp": 1698001870.527352, "_runtime": 39.15928912162781, "_step": 1999, "train_accuracy": 0.4072992700729927, "train_loss": 1.1952722839696754}