{"epoch": 9990, "val_accuracy": 0.5474452554744526, "val_loss": 1.0863961615983049, "val_precision": 0.27970472629661586, "val_recall": 0.24673630920258013, "val_f1": 0.24477559056556217, "_timestamp": 1698001141.570924, "_runtime": 32.01496195793152, "_step": 1999, "train_accuracy": 0.5795620437956205, "train_loss": 0.9755988320822103, "_wandb": {"runtime": 30}}