{"epoch": 9990, "mse": 15.604031026791649, "r2": 0.7750607285887791, "rmse": 3.9501937961056606, "_timestamp": 1697996268.028495, "_runtime": 8.541669130325317, "_step": 999, "_wandb": {"runtime": 6}}