{"epoch": 9990, "mse": 70.01370523804981, "r2": -0.009279705866172883, "rmse": 8.367419269885417, "_timestamp": 1697993729.988565, "_runtime": 20.308356046676636, "_step": 999, "_wandb": {"runtime": 18}}