{"epoch": 9990, "val_accuracy": 0.5291970802919708, "val_loss": 1.2341863384150835, "val_precision": 0.20382395382395382, "val_recall": 0.2165086217973428, "val_f1": 0.20532362237969715, "_timestamp": 1698000641.543831, "_runtime": 18.086857080459595, "_step": 1999, "train_accuracy": 0.5124087591240876, "train_loss": 1.3087477718596576, "_wandb": {"runtime": 16}}