{"epoch": 9990, "val_accuracy": 0.5766423357664233, "val_loss": 2.1353623547637066, "val_precision": 0.3118786339487422, "val_recall": 0.2921881290742597, "val_f1": 0.2947216191922602, "_timestamp": 1697999352.374539, "_runtime": 47.981082916259766, "_step": 1999, "train_accuracy": 0.7927007299270074, "train_loss": 0.49323417256162977, "_wandb": {"runtime": 46}}