{"epoch": 9990, "mse": 10.575161109378088, "r2": 0.8475541973150712, "rmse": 3.2519472796123385, "_timestamp": 1697994200.0575712, "_runtime": 12.80249810218811, "_step": 999, "_wandb": {"runtime": 10}}