{"epoch": 9990, "mse": 24.59875310883476, "r2": 0.6453976800978275, "rmse": 4.959713006700565, "_timestamp": 1697992711.140596, "_runtime": 12.518841028213501, "_step": 999, "_wandb": {"runtime": 10}}