{"epoch": 9990, "mse": 10.495586590555613, "r2": 0.8487013005383405, "rmse": 3.2396892737661758, "_timestamp": 1697994249.024631, "_runtime": 21.539451122283936, "_step": 999, "_wandb": {"runtime": 19}}