{"epoch": 9990, "val_accuracy": 0.583941605839416, "val_loss": 1.4566574266203158, "val_precision": 0.29422902731326644, "val_recall": 0.28470562536941385, "val_f1": 0.28774460188933876, "_timestamp": 1697999018.678911, "_runtime": 53.295377016067505, "_step": 1999, "train_accuracy": 0.8525547445255475, "train_loss": 0.42021751167568183, "_wandb": {"runtime": 51}}