{"epoch": 9990, "mse": 9.50041356721632, "r2": 0.8630471765759934, "rmse": 3.0822740902159107, "_timestamp": 1697994796.978518, "_runtime": 12.912703037261963, "_step": 999, "_wandb": {"runtime": 11}}