{"epoch": 9990, "mse": 16.676473288626877, "r2": 0.7596009810021698, "rmse": 4.0836837890104665, "_timestamp": 1697995393.0124822, "_runtime": 22.10645318031311, "_step": 999, "_wandb": {"runtime": 20}}