{"data": "validation", "epoch": 20, "loss": 0.374357134103775, "accuracy": 0.891, "confusion_matrix": {"_type": "histogram", "values": [80, 10, 0, 0, 0, 0, 0, 0, 0, 0, 0, 0, 0, 0, 0, 0, 0, 0, 0, 0, 0, 0, 1, 0, 1, 3, 2, 2, 0, 0, 0, 1], "bins": [0.0, 33.78125, 67.5625, 101.34375, 135.125, 168.90625, 202.6875, 236.46875, 270.25, 304.03125, 337.8125, 371.59375, 405.375, 439.15625, 472.9375, 506.71875, 540.5, 574.28125, 608.0625, 641.84375, 675.625, 709.40625, 743.1875, 776.96875, 810.75, 844.53125, 878.3125, 912.09375, 945.875, 979.65625, 1013.4375, 1047.21875, 1081.0]}, "class_report": "              precision    recall  f1-score   support\n\n           0       0.91      0.92      0.92       980\n           1       0.96      0.95      0.96      1135\n           2       0.87      0.91      0.89      1032\n           3       0.89      0.85      0.87      1010\n           4       0.89      0.87      0.88       982\n           5       0.88      0.86      0.87       892\n           6       0.92      0.89      0.90       958\n           7       0.97      0.82      0.89      1028\n           8       0.75      0.96      0.84       974\n           9       0.90      0.88      0.89      1009\n\n    accuracy                           0.89     10000\n   macro avg       0.89      0.89      0.89     10000\nweighted avg       0.90      0.89      0.89     10000\n", "_timestamp": 1697484020.995759, "_runtime": 124.1213219165802, "_step": 5, "_wandb": {"runtime": 122}}