{"epoch": 9990, "val_accuracy": 0.4197080291970803, "val_loss": 1.350054830528316, "val_precision": 0.1661675124186365, "val_recall": 0.17163287333281932, "val_f1": 0.16171330833119932, "_timestamp": 1698001479.599519, "_runtime": 23.925360918045044, "_step": 1999, "train_accuracy": 0.3518248175182482, "train_loss": 1.4356100927849662, "_wandb": {"runtime": 21}}