{"epoch": 9990, "mse": 20.234214599683174, "r2": 0.7083145065645994, "rmse": 4.498245724689034, "_timestamp": 1697995894.2941399, "_runtime": 6.067109823226929, "_step": 999, "_wandb": {"runtime": 4}}