{"epoch": 9990, "mse": 13.271483861170827, "r2": 0.8086854669058328, "rmse": 3.6430047846758074, "_timestamp": 1697996329.729564, "_runtime": 11.383940935134888, "_step": 999, "_wandb": {"runtime": 9}}