{"epoch": 9990, "mse": 10.355234825361118, "r2": 0.850724535672257, "rmse": 3.2179550688847596, "_timestamp": 1697993171.951102, "_runtime": 20.977333068847656, "_step": 999, "_wandb": {"runtime": 19}}