{"epoch": 5310, "mse": 70.01370523804981, "r2": -0.009279705866172883, "rmse": 8.367419269885417, "_timestamp": 1697992646.064623, "_runtime": 11.235417127609253, "_step": 531, "_wandb": {"runtime": 56}}