{"epoch": 9990, "val_accuracy": 0.44525547445255476, "val_loss": 1.161907846356028, "val_precision": 0.14517904681839108, "val_recall": 0.17562254259501967, "val_f1": 0.15548565121412805, "_timestamp": 1698001556.908944, "_runtime": 37.51995491981506, "_step": 1999, "train_accuracy": 0.4744525547445255, "train_loss": 1.1403497018336588, "_wandb": {"runtime": 35}}