{"epoch": 9990, "mse": 11.0215086864819, "r2": 0.8411198920629535, "rmse": 3.3198657633226527, "_timestamp": 1697996439.5637062, "_runtime": 12.87737226486206, "_step": 999, "_wandb": {"runtime": 11}}