{"data": "validation", "epoch": 20, "loss": 0.48910945653915405, "accuracy": 0.8763, "confusion_matrix": {"_type": "histogram", "values": [82, 6, 2, 0, 0, 0, 0, 0, 0, 0, 0, 0, 0, 0, 0, 0, 0, 0, 0, 0, 0, 0, 1, 0, 1, 3, 2, 2, 0, 0, 0, 1], "bins": [0.0, 33.1875, 66.375, 99.5625, 132.75, 165.9375, 199.125, 232.3125, 265.5, 298.6875, 331.875, 365.0625, 398.25, 431.4375, 464.625, 497.8125, 531.0, 564.1875, 597.375, 630.5625, 663.75, 696.9375, 730.125, 763.3125, 796.5, 829.6875, 862.875, 896.0625, 929.25, 962.4375, 995.625, 1028.8125, 1062.0]}, "class_report": "              precision    recall  f1-score   support\n\n           0       0.88      0.86      0.87       980\n           1       0.94      0.94      0.94      1135\n           2       0.90      0.87      0.88      1032\n           3       0.91      0.84      0.87      1010\n           4       0.88      0.90      0.89       982\n           5       0.85      0.85      0.85       892\n           6       0.86      0.89      0.88       958\n           7       0.95      0.89      0.92      1028\n           8       0.72      0.94      0.81       974\n           9       0.93      0.80      0.86      1009\n\n    accuracy                           0.88     10000\n   macro avg       0.88      0.88      0.88     10000\nweighted avg       0.88      0.88      0.88     10000\n", "_timestamp": 1697484826.22986, "_runtime": 139.23412609100342, "_step": 5, "_wandb": {"runtime": 137}}