{"epoch": 9990, "mse": 23.62331750215274, "r2": 0.6594590322124758, "rmse": 4.860382444021534, "_timestamp": 1697995965.4156559, "_runtime": 6.438893795013428, "_step": 999, "_wandb": {"runtime": 4}}