{"data": "validation", "epoch": 20, "loss": 0.9706530570983887, "accuracy": 0.5742, "confusion_matrix": {"_type": "histogram", "values": [59, 15, 5, 2, 2, 1, 3, 2, 1, 0, 0, 0, 3, 0, 0, 0, 2, 0, 2, 0, 0, 0, 0, 1, 0, 0, 1, 0, 0, 0, 0, 1], "bins": [0.0, 32.125, 64.25, 96.375, 128.5, 160.625, 192.75, 224.875, 257.0, 289.125, 321.25, 353.375, 385.5, 417.625, 449.75, 481.875, 514.0, 546.125, 578.25, 610.375, 642.5, 674.625, 706.75, 738.875, 771.0, 803.125, 835.25, 867.375, 899.5, 931.625, 963.75, 995.875, 1028.0]}, "class_report": "              precision    recall  f1-score   support\n\n           0       0.41      0.77      0.54       980\n           1       0.83      0.91      0.87      1135\n           2       0.80      0.40      0.53      1032\n           3       0.46      0.52      0.49      1010\n           4       0.51      0.59      0.55       982\n           5       0.42      0.47      0.44       892\n           6       0.66      0.89      0.76       958\n           7       0.79      0.52      0.63      1028\n           8       0.76      0.03      0.05       974\n           9       0.54      0.60      0.57      1009\n\n    accuracy                           0.57     10000\n   macro avg       0.62      0.57      0.54     10000\nweighted avg       0.62      0.57      0.55     10000\n", "_timestamp": 1697477452.1976871, "_runtime": 49.81794619560242, "_step": 5, "_wandb": {"runtime": 48}}