{"epoch": 9990, "mse": 44.18477632043371, "r2": 0.3630561631208402, "rmse": 6.647163027971686, "_timestamp": 1697996499.3971682, "_runtime": 8.338817119598389, "_step": 999, "_wandb": {"runtime": 6}}