{"epoch": 9990, "mse": 21.103948413949833, "r2": 0.695776894317678, "rmse": 4.593903396236128, "_timestamp": 1697995163.221445, "_runtime": 12.53816819190979, "_step": 999, "_wandb": {"runtime": 11}}