{"epoch": 9990, "val_accuracy": 0.6058394160583942, "val_loss": 0.9419797806543908, "val_precision": 0.2924297605148669, "val_recall": 0.2823478015059235, "val_f1": 0.2830835830835831, "_timestamp": 1698000158.516149, "_runtime": 50.54106116294861, "_step": 1999, "train_accuracy": 0.6014598540145986, "train_loss": 0.9282230690285639, "_wandb": {"runtime": 48}}