{"epoch": 9990, "mse": 23.245050062157844, "r2": 0.6649119310310534, "rmse": 4.821312068530499, "_timestamp": 1697996060.451851, "_runtime": 8.187610864639282, "_step": 999, "_wandb": {"runtime": 6}}