{"epoch": 9990, "mse": 10.1042065698232, "r2": 0.8543432232285287, "rmse": 3.1787114637574767, "_timestamp": 1697994817.743041, "_runtime": 16.842522144317627, "_step": 999, "_wandb": {"runtime": 15}}