{"epoch": 9990, "val_accuracy": 0.5145985401459854, "val_loss": 1.37116024622699, "val_precision": 0.22232273391812865, "val_recall": 0.22918433428417237, "val_f1": 0.22542851663913147, "_timestamp": 1698001002.100595, "_runtime": 33.33567190170288, "_step": 1999, "train_accuracy": 0.5547445255474452, "train_loss": 1.0916806288048664, "_wandb": {"runtime": 30}}