{"epoch": 9990, "val_accuracy": 0.4197080291970803, "val_loss": 1.6120261261512348, "val_precision": 0.19827637816934454, "val_recall": 0.1986161437051885, "val_f1": 0.19768036172157974, "_timestamp": 1698001667.84956, "_runtime": 40.14892601966858, "_step": 1999, "train_accuracy": 0.3678832116788321, "train_loss": 1.7874323502079863, "_wandb": {"runtime": 38}}