{"epoch": 9990, "mse": 23.23622540587019, "r2": 0.6650391425030373, "rmse": 4.820396810001246, "_timestamp": 1697996254.117033, "_runtime": 12.409356117248535, "_step": 999, "_wandb": {"runtime": 10}}