{"epoch": 9990, "val_accuracy": 0.6058394160583942, "val_loss": 0.9497352467047758, "val_precision": 0.30564909193868056, "val_recall": 0.276115950967543, "val_f1": 0.2801905865249194, "_timestamp": 1697999457.636194, "_runtime": 36.12054109573364, "_step": 1999, "train_accuracy": 0.6481751824817519, "train_loss": 0.8574629256360109, "_wandb": {"runtime": 34}}