{"epoch": 9990, "mse": 30.947231249617115, "r2": 0.5538814529699927, "rmse": 5.563023570830625, "_timestamp": 1697996360.357785, "_runtime": 8.319859981536865, "_step": 999, "_wandb": {"runtime": 6}}