{"epoch": 9990, "mse": 18.109090811953866, "r2": 0.7389491416566298, "rmse": 4.2554777419173355, "_timestamp": 1697995366.982951, "_runtime": 18.006623029708862, "_step": 999, "_wandb": {"runtime": 16}}