{"epoch": 9990, "mse": 14.366367956199548, "r2": 0.7929022099901912, "rmse": 3.790299190855459, "_timestamp": 1697994331.283791, "_runtime": 13.06705617904663, "_step": 999, "_wandb": {"runtime": 11}}