{"epoch": 9990, "mse": 6.686071567191519, "r2": 0.9036172086337764, "rmse": 2.585743909823925, "_timestamp": 1697994094.542541, "_runtime": 16.993540048599243, "_step": 999, "_wandb": {"runtime": 15}}