{"epoch": 9999, "acc": 0.6239067055393586, "_timestamp": 1697390575.9333491, "_runtime": 8.413235187530518, "_step": 9999, "_wandb": {"runtime": 6}}