{"data": "validation", "epoch": 20, "loss": 0.15762129426002502, "accuracy": 0.9658, "confusion_matrix": {"_type": "histogram", "values": [90, 0, 0, 0, 0, 0, 0, 0, 0, 0, 0, 0, 0, 0, 0, 0, 0, 0, 0, 0, 0, 0, 0, 0, 1, 1, 1, 4, 2, 0, 0, 1], "bins": [0.0, 34.96875, 69.9375, 104.90625, 139.875, 174.84375, 209.8125, 244.78125, 279.75, 314.71875, 349.6875, 384.65625, 419.625, 454.59375, 489.5625, 524.53125, 559.5, 594.46875, 629.4375, 664.40625, 699.375, 734.34375, 769.3125, 804.28125, 839.25, 874.21875, 909.1875, 944.15625, 979.125, 1014.09375, 1049.0625, 1084.03125, 1119.0]}, "class_report": "              precision    recall  f1-score   support\n\n           0       0.99      0.97      0.98       980\n           1       0.99      0.99      0.99      1135\n           2       0.93      0.98      0.96      1032\n           3       0.95      0.97      0.96      1010\n           4       0.97      0.98      0.97       982\n           5       0.96      0.97      0.96       892\n           6       0.97      0.97      0.97       958\n           7       0.96      0.97      0.97      1028\n           8       0.99      0.92      0.95       974\n           9       0.95      0.95      0.95      1009\n\n    accuracy                           0.97     10000\n   macro avg       0.97      0.97      0.97     10000\nweighted avg       0.97      0.97      0.97     10000\n", "_timestamp": 1697475647.1778162, "_runtime": 131.6870231628418, "_step": 5, "_wandb": {"runtime": 129}}