{"epoch": 9990, "mse": 15.08268554161535, "r2": 0.7825761631189806, "rmse": 3.8836433334712073, "_timestamp": 1697996210.919639, "_runtime": 13.45475721359253, "_step": 999, "_wandb": {"runtime": 11}}