{"epoch": 60, "mse": 32.303043619473456, "r2": 0.5343367951746979, "rmse": 5.683576657305983, "_timestamp": 1697993220.3014882, "_runtime": 5.335841178894043, "_step": 6, "_wandb": {"runtime": 204}}