{"epoch": 9990, "mse": 17.197462784780623, "r2": 0.7520906782171709, "rmse": 4.146982370927157, "_timestamp": 1697995023.0588548, "_runtime": 12.919325828552246, "_step": 999, "_wandb": {"runtime": 11}}