{"epoch": 9990, "mse": 11.328804199131211, "r2": 0.8366900861618634, "rmse": 3.365828902236596, "_timestamp": 1697996391.505452, "_runtime": 11.96287989616394, "_step": 999, "_wandb": {"runtime": 10}}