{"epoch": 9990, "mse": 9.765095817652021, "r2": 0.8592316604144152, "rmse": 3.124915329677273, "_timestamp": 1697996347.681857, "_runtime": 14.286409139633179, "_step": 999, "_wandb": {"runtime": 11}}