{"epoch": 9999, "acc": 0.60932944606414, "_timestamp": 1697390562.367628, "_runtime": 8.61769700050354, "_step": 9999, "_wandb": {"runtime": 6}}