{"epoch": 9990, "mse": 8.326748403629878, "r2": 0.879966098765047, "rmse": 2.8856105772660796, "_timestamp": 1697993684.519537, "_runtime": 11.537307977676392, "_step": 999, "_wandb": {"runtime": 10}}