{"epoch": 9990, "mse": 6.553381954166636, "r2": 0.9055299903263023, "rmse": 2.559957412568935, "_timestamp": 1697993746.2981918, "_runtime": 12.549845695495605, "_step": 999, "_wandb": {"runtime": 10}}