{"data": "validation", "epoch": 20, "loss": 0.40536144375801086, "accuracy": 0.9792, "confusion_matrix": {"_type": "histogram", "values": [90, 0, 0, 0, 0, 0, 0, 0, 0, 0, 0, 0, 0, 0, 0, 0, 0, 0, 0, 0, 0, 0, 0, 0, 0, 1, 0, 4, 3, 1, 0, 1], "bins": [0.0, 34.8125, 69.625, 104.4375, 139.25, 174.0625, 208.875, 243.6875, 278.5, 313.3125, 348.125, 382.9375, 417.75, 452.5625, 487.375, 522.1875, 557.0, 591.8125, 626.625, 661.4375, 696.25, 731.0625, 765.875, 800.6875, 835.5, 870.3125, 905.125, 939.9375, 974.75, 1009.5625, 1044.375, 1079.1875, 1114.0]}, "class_report": "              precision    recall  f1-score   support\n\n           0       0.98      0.99      0.98       980\n           1       0.99      0.98      0.99      1135\n           2       0.97      0.99      0.98      1032\n           3       0.99      0.97      0.98      1010\n           4       0.98      0.98      0.98       982\n           5       0.96      0.99      0.98       892\n           6       0.99      0.98      0.98       958\n           7       0.99      0.97      0.98      1028\n           8       0.98      0.97      0.97       974\n           9       0.98      0.97      0.97      1009\n\n    accuracy                           0.98     10000\n   macro avg       0.98      0.98      0.98     10000\nweighted avg       0.98      0.98      0.98     10000\n", "_timestamp": 1697480680.492728, "_runtime": 109.92104411125183, "_step": 5, "_wandb": {"runtime": 108}}