{"epoch": 9990, "val_accuracy": 0.5401459854014599, "val_loss": 1.1738680937319086, "val_precision": 0.2636496217300155, "val_recall": 0.2667424768072367, "val_f1": 0.2643102622688746, "_timestamp": 1698001047.720719, "_runtime": 41.44696521759033, "_step": 1999, "train_accuracy": 0.6058394160583942, "train_loss": 0.95939722208136, "_wandb": {"runtime": 39}}