{"epoch": 9990, "mse": 6.258426329407405, "r2": 0.9097819110779379, "rmse": 2.501684698239849, "_timestamp": 1697995797.4852061, "_runtime": 12.978416204452515, "_step": 999, "_wandb": {"runtime": 11}}