{"epoch": 9990, "val_accuracy": 0.5948905109489051, "val_loss": 1.0337904738040926, "val_precision": 0.19677004660131767, "val_recall": 0.23690026469303316, "val_f1": 0.21493352024128112, "_timestamp": 1697999667.645544, "_runtime": 48.64570999145508, "_step": 1999, "train_accuracy": 0.6102189781021898, "train_loss": 1.0284232897236516, "_wandb": {"runtime": 46}}