{"epoch": 9990, "mse": 12.665827776140489, "r2": 0.8174162774418143, "rmse": 3.5589082281144155, "_timestamp": 1697993146.036582, "_runtime": 16.79268503189087, "_step": 999, "_wandb": {"runtime": 14}}