{"epoch": 9990, "mse": 13.548829962830434, "r2": 0.8046873955146044, "rmse": 3.680873532577618, "_timestamp": 1697995667.96685, "_runtime": 12.910568952560425, "_step": 999, "_wandb": {"runtime": 11}}