{"epoch": 9990, "mse": 27.315400999808855, "r2": 0.6062359534755632, "rmse": 5.226413780003345, "_timestamp": 1697996580.426069, "_runtime": 13.393440961837769, "_step": 999}