{"epoch": 9999, "acc": 0.6122448979591837, "_timestamp": 1697390427.9922009, "_runtime": 8.274518966674805, "_step": 9999, "_wandb": {"runtime": 6}}