{"data": "validation", "epoch": 20, "loss": 0.08994514495134354, "accuracy": 0.9738, "confusion_matrix": {"_type": "histogram", "values": [89, 1, 0, 0, 0, 0, 0, 0, 0, 0, 0, 0, 0, 0, 0, 0, 0, 0, 0, 0, 0, 0, 0, 0, 1, 0, 2, 4, 1, 1, 0, 1], "bins": [0.0, 35.0625, 70.125, 105.1875, 140.25, 175.3125, 210.375, 245.4375, 280.5, 315.5625, 350.625, 385.6875, 420.75, 455.8125, 490.875, 525.9375, 561.0, 596.0625, 631.125, 666.1875, 701.25, 736.3125, 771.375, 806.4375, 841.5, 876.5625, 911.625, 946.6875, 981.75, 1016.8125, 1051.875, 1086.9375, 1122.0]}, "class_report": "              precision    recall  f1-score   support\n\n           0       0.98      0.98      0.98       980\n           1       0.99      0.99      0.99      1135\n           2       0.93      0.99      0.96      1032\n           3       0.98      0.97      0.98      1010\n           4       0.97      0.98      0.98       982\n           5       0.97      0.98      0.97       892\n           6       0.99      0.97      0.98       958\n           7       0.99      0.94      0.97      1028\n           8       0.97      0.97      0.97       974\n           9       0.97      0.97      0.97      1009\n\n    accuracy                           0.97     10000\n   macro avg       0.97      0.97      0.97     10000\nweighted avg       0.97      0.97      0.97     10000\n", "_timestamp": 1697481430.570563, "_runtime": 167.76782703399658, "_step": 5, "_wandb": {"runtime": 165}}