{"epoch": 9990, "mse": 7.928458295122554, "r2": 0.8857076335430866, "rmse": 2.8157518170326292, "_timestamp": 1697993807.738038, "_runtime": 12.476781129837036, "_step": 999, "_wandb": {"runtime": 10}}