{"epoch": 0, "val_accuracy": 0.5437956204379562, "val_loss": 1.4290858046087445, "val_precision": 0.23725579975579972, "val_recall": 0.22519466502197208, "val_f1": 0.21686421342675277, "_timestamp": 1697998599.325678, "_runtime": 15.894060134887695, "_step": 1369, "train_accuracy": 0.5474452554744526, "train_loss": 1.2437355160185182, "_wandb": {"runtime": 14}}