{"epoch": 9990, "mse": 18.287967057168405, "r2": 0.7363705584557731, "rmse": 4.276443271828636, "_timestamp": 1697996485.936844, "_runtime": 13.488572120666504, "_step": 999, "_wandb": {"runtime": 11}}