{"epoch": 9999, "acc": 0.6122448979591837, "_timestamp": 1697390865.976028, "_runtime": 8.290587902069092, "_step": 9999, "_wandb": {"runtime": 6}}