{"epoch": 9990, "mse": 31.51139320237617, "r2": 0.5457487994015868, "rmse": 5.613500975538899, "_timestamp": 1697996453.645335, "_runtime": 9.188991069793701, "_step": 999, "_wandb": {"runtime": 7}}