{"data": "validation", "epoch": 20, "loss": 2.3249967098236084, "accuracy": 0.1028, "confusion_matrix": {"_type": "histogram", "values": [90, 0, 0, 0, 0, 0, 0, 0, 0, 0, 0, 0, 0, 0, 0, 0, 0, 0, 0, 0, 0, 0, 0, 0, 0, 1, 0, 4, 3, 1, 0, 1], "bins": [0.0, 35.46875, 70.9375, 106.40625, 141.875, 177.34375, 212.8125, 248.28125, 283.75, 319.21875, 354.6875, 390.15625, 425.625, 461.09375, 496.5625, 532.03125, 567.5, 602.96875, 638.4375, 673.90625, 709.375, 744.84375, 780.3125, 815.78125, 851.25, 886.71875, 922.1875, 957.65625, 993.125, 1028.59375, 1064.0625, 1099.53125, 1135.0]}, "class_report": "              precision    recall  f1-score   support\n\n           0       0.00      0.00      0.00       980\n           1       0.00      0.00      0.00      1135\n           2       0.00      0.00      0.00      1032\n           3       0.00      0.00      0.00      1010\n           4       0.00      0.00      0.00       982\n           5       0.00      0.00      0.00       892\n           6       0.00      0.00      0.00       958\n           7       0.10      1.00      0.19      1028\n           8       0.00      0.00      0.00       974\n           9       0.00      0.00      0.00      1009\n\n    accuracy                           0.10     10000\n   macro avg       0.01      0.10      0.02     10000\nweighted avg       0.01      0.10      0.02     10000\n", "_timestamp": 1697476161.371625, "_runtime": 125.5601179599762, "_step": 5, "_wandb": {"runtime": 123}}