{"epoch": 9990, "val_accuracy": 0.6423357664233577, "val_loss": 0.9020286149650566, "val_precision": 0.3234906515114076, "val_recall": 0.29738133785624343, "val_f1": 0.30139031515249237, "_timestamp": 1697999939.142776, "_runtime": 37.61011600494385, "_step": 1999, "train_accuracy": 0.67007299270073, "train_loss": 0.7984913213608716, "_wandb": {"runtime": 35}}