{"epoch": 9999, "acc": 0.60932944606414, "_timestamp": 1697390388.066873, "_runtime": 8.199594020843506, "_step": 9999, "_wandb": {"runtime": 6}}