{"epoch": 9990, "val_accuracy": 0.4489051094890511, "val_loss": 1.157667034021899, "val_precision": 0.15018685625740588, "val_recall": 0.17907897103795647, "val_f1": 0.162801901336074, "_timestamp": 1698000465.716736, "_runtime": 26.40622615814209, "_step": 1999, "train_accuracy": 0.4218978102189781, "train_loss": 1.170427672845596, "_wandb": {"runtime": 24}}