{"epoch": 9990, "mse": 34.14900975210816, "r2": 0.5077263458483859, "rmse": 5.843715406495097, "_timestamp": 1697993791.6922429, "_runtime": 20.27606177330017, "_step": 999, "_wandb": {"runtime": 18}}