{"epoch": 9990, "mse": 12.478851913204569, "r2": 0.8201116203508407, "rmse": 3.5325418487548834, "_timestamp": 1697995431.364481, "_runtime": 17.761242866516113, "_step": 999, "_wandb": {"runtime": 15}}