{"epoch": 9990, "val_accuracy": 0.48175182481751827, "val_loss": 2.0738022386775117, "val_precision": 0.2368011684830548, "val_recall": 0.2634745029510275, "val_f1": 0.2425730994152047, "_timestamp": 1698001725.7240021, "_runtime": 27.24567222595215, "_step": 1999, "train_accuracy": 0.4905109489051095, "train_loss": 1.975905004065658, "_wandb": {"runtime": 25}}