{"epoch": 9990, "mse": 12.406466479874652, "r2": 0.8211550896060646, "rmse": 3.522281431100396, "_timestamp": 1697995477.161708, "_runtime": 13.701119184494019, "_step": 999, "_wandb": {"runtime": 10}}