{"epoch": 9990, "mse": 11.876808441928437, "r2": 0.8287903534009236, "rmse": 3.4462745743669987, "_timestamp": 1697995870.170969, "_runtime": 7.72321891784668, "_step": 999, "_wandb": {"runtime": 5}}