{"val_accuracy": 0.03, "val_precision": 0.00044629911555748875, "val_recall": 0.0076388888888888895, "val_f1": 0.0008388179119886436, "val_loss": 5.851610403903425, "_timestamp": 1698072924.0280828, "_runtime": 118.83483290672302, "_step": 1, "train_accuracy": 0.02875, "train_loss": 5.784936574822746}