{"epoch": 9990, "val_accuracy": 0.4781021897810219, "val_loss": 1.4293125572753773, "val_precision": 0.22990974167444755, "val_recall": 0.23763266774599745, "val_f1": 0.23108022400970604, "_timestamp": 1698000313.001652, "_runtime": 29.58060908317566, "_step": 1999, "train_accuracy": 0.5430656934306569, "train_loss": 1.2906876008057342, "_wandb": {"runtime": 27}}