{"epoch": 9990, "mse": 32.15294902577473, "r2": 0.5365004776546536, "rmse": 5.670357045704859, "_timestamp": 1697996106.345386, "_runtime": 6.124161005020142, "_step": 999, "_wandb": {"runtime": 4}}