{"epoch": 9990, "mse": 9.790878442537144, "r2": 0.8588599920393158, "rmse": 3.129037942009835, "_timestamp": 1697994157.778358, "_runtime": 17.457125902175903, "_step": 999, "_wandb": {"runtime": 15}}