{"epoch": 9990, "mse": 70.92104943472616, "r2": -0.02235948904329854, "rmse": 8.421463615947419, "_timestamp": 1697995588.3631098, "_runtime": 20.76118779182434, "_step": 999, "_wandb": {"runtime": 18}}