{"epoch": 9990, "mse": 23.17133989261968, "r2": 0.6659744969669352, "rmse": 4.813661796659553, "_timestamp": 1697996514.6765702, "_runtime": 10.903367280960083, "_step": 999, "_wandb": {"runtime": 9}}