{"epoch": 9990, "mse": 22.72790466362381, "r2": 0.6723668193839529, "rmse": 4.767379223810899, "_timestamp": 1697995044.989301, "_runtime": 17.50925588607788, "_step": 999, "_wandb": {"runtime": 15}}