{"epoch": 9990, "mse": 7.877297585837434, "r2": 0.8864451386564587, "rmse": 2.806652380655188, "_timestamp": 1697995542.446632, "_runtime": 12.830102920532227, "_step": 999, "_wandb": {"runtime": 10}}