{"epoch": 9990, "val_accuracy": 0.5437956204379562, "val_loss": 1.233767108704189, "val_precision": 0.2434267040149393, "val_recall": 0.23663043198930953, "val_f1": 0.23361284200300694, "_timestamp": 1698001105.5312471, "_runtime": 27.15445113182068, "_step": 1999, "train_accuracy": 0.5401459854014599, "train_loss": 1.0605390754786745, "_wandb": {"runtime": 25}}