{"epoch": 0, "val_accuracy": 0.45255474452554745, "val_loss": 1.5023534729777897, "val_precision": 0.23878543009975003, "val_recall": 0.2590158387514027, "val_f1": 0.23376762985896116, "_timestamp": 1697998614.477034, "_runtime": 10.951794147491455, "_step": 627, "train_accuracy": 0.43503649635036495, "train_loss": 1.5624949491131497, "_wandb": {"runtime": 9}}