{"data": "validation", "epoch": 20, "loss": 1.049715518951416, "accuracy": 0.6342, "confusion_matrix": {"_type": "histogram", "values": [50, 21, 10, 6, 2, 1, 0, 0, 0, 1, 0, 1, 0, 1, 0, 1, 0, 0, 2, 0, 1, 1, 0, 0, 1, 0, 0, 0, 0, 0, 0, 1], "bins": [0.0, 34.1875, 68.375, 102.5625, 136.75, 170.9375, 205.125, 239.3125, 273.5, 307.6875, 341.875, 376.0625, 410.25, 444.4375, 478.625, 512.8125, 547.0, 581.1875, 615.375, 649.5625, 683.75, 717.9375, 752.125, 786.3125, 820.5, 854.6875, 888.875, 923.0625, 957.25, 991.4375, 1025.625, 1059.8125, 1094.0]}, "class_report": "              precision    recall  f1-score   support\n\n           0       0.57      0.64      0.60       980\n           1       0.68      0.96      0.80      1135\n           2       0.67      0.69      0.68      1032\n           3       0.76      0.47      0.58      1010\n           4       0.62      0.76      0.68       982\n           5       0.78      0.43      0.56       892\n           6       0.69      0.65      0.67       958\n           7       0.58      0.81      0.68      1028\n           8       0.49      0.33      0.40       974\n           9       0.58      0.52      0.54      1009\n\n    accuracy                           0.63     10000\n   macro avg       0.64      0.63      0.62     10000\nweighted avg       0.64      0.63      0.62     10000\n", "_timestamp": 1697475904.7609441, "_runtime": 125.88448715209961, "_step": 5, "_wandb": {"runtime": 124}}