{"epoch": 9990, "mse": 14.928904994740504, "r2": 0.7847929803062736, "rmse": 3.8637941190933693, "_timestamp": 1697995753.6432629, "_runtime": 17.28998589515686, "_step": 999, "_wandb": {"runtime": 15}}