{"epoch": 9990, "mse": 20.41423632124118, "r2": 0.7057194107963376, "rmse": 4.518211628647022, "_timestamp": 1697996178.218215, "_runtime": 9.204641103744507, "_step": 999, "_wandb": {"runtime": 6}}