{"data": "validation", "epoch": 20, "loss": 0.3425222635269165, "accuracy": 0.8293, "confusion_matrix": {"_type": "histogram", "values": [71, 15, 3, 1, 0, 0, 0, 0, 0, 0, 0, 0, 0, 0, 0, 0, 0, 0, 0, 0, 0, 0, 0, 2, 2, 3, 0, 1, 1, 0, 0, 1], "bins": [0.0, 31.84375, 63.6875, 95.53125, 127.375, 159.21875, 191.0625, 222.90625, 254.75, 286.59375, 318.4375, 350.28125, 382.125, 413.96875, 445.8125, 477.65625, 509.5, 541.34375, 573.1875, 605.03125, 636.875, 668.71875, 700.5625, 732.40625, 764.25, 796.09375, 827.9375, 859.78125, 891.625, 923.46875, 955.3125, 987.15625, 1019.0]}, "class_report": "              precision    recall  f1-score   support\n\n           0       0.78      0.92      0.85       980\n           1       0.90      0.90      0.90      1135\n           2       0.82      0.78      0.80      1032\n           3       0.79      0.82      0.80      1010\n           4       0.82      0.88      0.85       982\n           5       0.69      0.90      0.78       892\n           6       0.88      0.80      0.84       958\n           7       0.84      0.76      0.80      1028\n           8       0.91      0.77      0.83       974\n           9       0.92      0.78      0.84      1009\n\n    accuracy                           0.83     10000\n   macro avg       0.84      0.83      0.83     10000\nweighted avg       0.84      0.83      0.83     10000\n", "_timestamp": 1697480117.856749, "_runtime": 106.00716209411621, "_step": 5, "_wandb": {"runtime": 104}}