{"epoch": 9990, "mse": 16.968875600946937, "r2": 0.7553858674216276, "rmse": 4.119329508663629, "_timestamp": 1697995977.5198379, "_runtime": 7.575019836425781, "_step": 999, "_wandb": {"runtime": 5}}