{"epoch": 9990, "mse": 30.38166596733495, "r2": 0.5620343361777742, "rmse": 5.511956636924401, "_timestamp": 1697996562.391673, "_runtime": 11.131370067596436, "_step": 999, "_wandb": {"runtime": 9}}