{"epoch": 9990, "mse": 6.3257048559855935, "r2": 0.9088120602282355, "rmse": 2.515095396995031, "_timestamp": 1697995563.0176919, "_runtime": 16.41141676902771, "_step": 999, "_wandb": {"runtime": 14}}