{"epoch": 9990, "val_accuracy": 0.3978102189781022, "val_loss": 1.5772099226457732, "val_precision": 0.06678921568627451, "val_recall": 0.16666666666666666, "val_f1": 0.09536307961504813, "_timestamp": 1698000936.008307, "_runtime": 26.23029589653015, "_step": 1999, "train_accuracy": 0.39416058394160586, "train_loss": 1.6002841090034, "_wandb": {"runtime": 24}}