{"epoch": 9990, "mse": 34.20576478681404, "r2": 0.5069081959655934, "rmse": 5.848569464990054, "_timestamp": 1697995928.981271, "_runtime": 6.466325044631958, "_step": 999, "_wandb": {"runtime": 4}}