{"data": "validation", "epoch": 20, "loss": 0.09634962677955627, "accuracy": 0.9527, "confusion_matrix": {"_type": "histogram", "values": [88, 2, 0, 0, 0, 0, 0, 0, 0, 0, 0, 0, 0, 0, 0, 0, 0, 0, 0, 0, 0, 0, 1, 0, 0, 2, 1, 5, 0, 0, 0, 1], "bins": [0.0, 35.21875, 70.4375, 105.65625, 140.875, 176.09375, 211.3125, 246.53125, 281.75, 316.96875, 352.1875, 387.40625, 422.625, 457.84375, 493.0625, 528.28125, 563.5, 598.71875, 633.9375, 669.15625, 704.375, 739.59375, 774.8125, 810.03125, 845.25, 880.46875, 915.6875, 950.90625, 986.125, 1021.34375, 1056.5625, 1091.78125, 1127.0]}, "class_report": "              precision    recall  f1-score   support\n\n           0       0.96      0.98      0.97       980\n           1       0.96      0.99      0.98      1135\n           2       0.96      0.93      0.95      1032\n           3       0.93      0.98      0.95      1010\n           4       0.92      0.97      0.95       982\n           5       0.98      0.90      0.94       892\n           6       0.96      0.97      0.96       958\n           7       0.95      0.95      0.95      1028\n           8       0.95      0.93      0.94       974\n           9       0.96      0.91      0.93      1009\n\n    accuracy                           0.95     10000\n   macro avg       0.95      0.95      0.95     10000\nweighted avg       0.95      0.95      0.95     10000\n", "_timestamp": 1697474676.576569, "_runtime": 94.31506514549255, "_step": 5, "_wandb": {"runtime": 92}}