{"epoch": 9990, "mse": 7.727808776459429, "r2": 0.8886000884773021, "rmse": 2.7798936627970914, "_timestamp": 1697994313.208549, "_runtime": 21.114171981811523, "_step": 999, "_wandb": {"runtime": 19}}