{"epoch": 530, "mse": 46.4049121228202, "r2": 0.3310518862153832, "rmse": 6.812115099058456, "_timestamp": 1697994362.339351, "_runtime": 5.7318480014801025, "_step": 53, "_wandb": {"runtime": 5}}