{"data": "validation", "epoch": 0, "loss": 0.1413491666316986, "accuracy": 0.9508, "confusion_matrix": {"_type": "histogram", "values": [90, 0, 0, 0, 0, 0, 0, 0, 0, 0, 0, 0, 0, 0, 0, 0, 0, 0, 0, 0, 0, 0, 0, 0, 1, 1, 2, 4, 1, 0, 0, 1], "bins": [0.0, 34.71875, 69.4375, 104.15625, 138.875, 173.59375, 208.3125, 243.03125, 277.75, 312.46875, 347.1875, 381.90625, 416.625, 451.34375, 486.0625, 520.78125, 555.5, 590.21875, 624.9375, 659.65625, 694.375, 729.09375, 763.8125, 798.53125, 833.25, 867.96875, 902.6875, 937.40625, 972.125, 1006.84375, 1041.5625, 1076.28125, 1111.0]}, "class_report": "              precision    recall  f1-score   support\n\n           0       0.96      0.97      0.97       980\n           1       0.98      0.98      0.98      1135\n           2       0.95      0.93      0.94      1032\n           3       0.94      0.94      0.94      1010\n           4       0.97      0.96      0.97       982\n           5       0.92      0.96      0.94       892\n           6       0.97      0.95      0.96       958\n           7       0.92      0.96      0.94      1028\n           8       0.94      0.92      0.93       974\n           9       0.96      0.93      0.94      1009\n\n    accuracy                           0.95     10000\n   macro avg       0.95      0.95      0.95     10000\nweighted avg       0.95      0.95      0.95     10000\n", "_timestamp": 1697474165.46765, "_runtime": 34.345165967941284, "_step": 1}