{"epoch": 4270, "mse": 10.693165872222849, "r2": 0.8458531044800353, "rmse": 3.2700406529923827, "_timestamp": 1697993884.4936361, "_runtime": 9.852524042129517, "_step": 427}