{"epoch": 9990, "mse": 22.120451170298434, "r2": 0.6811235403857379, "rmse": 4.703238370558996, "_timestamp": 1697996283.462881, "_runtime": 11.082180976867676, "_step": 999, "_wandb": {"runtime": 9}}