{"epoch": 999, "mse": 37.93606643739532, "r2": 0.45313418500745484, "rmse": 6.15922612325569, "_timestamp": 1697990977.217574, "_runtime": 17.22168493270874, "_step": 999, "_wandb": {"runtime": 15}}