{"epoch": 9990, "mse": 7.4537621999521555, "r2": 0.8925505956985736, "rmse": 2.730157907512339, "_timestamp": 1697993853.562282, "_runtime": 20.673039197921753, "_step": 999, "_wandb": {"runtime": 18}}