{"epoch": 0, "val_accuracy": 0.029197080291970802, "val_loss": 1.1501597574377809, "val_precision": 0.10476190476190476, "val_recall": 0.018978233495232956, "val_f1": 0.02321697909933204, "_timestamp": 1697997801.4358249, "_runtime": 5.033775806427002, "_step": 0, "_wandb": {"runtime": 3}}