{"epoch": 9990, "mse": 7.348314796326944, "r2": 0.894070668435095, "rmse": 2.7107775261586746, "_timestamp": 1697994010.460768, "_runtime": 12.487971067428589, "_step": 999, "_wandb": {"runtime": 10}}