{"epoch": 9990, "val_accuracy": 0.41605839416058393, "val_loss": 1.7159770322865329, "val_precision": 0.19165454483948444, "val_recall": 0.20007452522293323, "val_f1": 0.1952968340076763, "_timestamp": 1698000964.268357, "_runtime": 24.48832893371582, "_step": 1999, "train_accuracy": 0.4233576642335766, "train_loss": 1.534719140514157, "_wandb": {"runtime": 22}}