{"epoch": 9999, "acc": 0.6180758017492711, "_timestamp": 1697390588.578348, "_runtime": 8.191489934921265, "_step": 9999, "_wandb": {"runtime": 6}}