{"epoch": 0, "acc": 0.5830903790087464, "_timestamp": 1697424826.087602, "_runtime": 33955.61959886551, "_step": 10010}