{"epoch": 9990, "mse": 6.179227759242482, "r2": 0.9109235948287022, "rmse": 2.4858052536839006, "_timestamp": 1697994119.6376488, "_runtime": 20.37797474861145, "_step": 999, "_wandb": {"runtime": 18}}