{"epoch": 9990, "val_accuracy": 0.5985401459854015, "val_loss": 1.0012519127845916, "val_precision": 0.1998756550315303, "val_recall": 0.23907177549919048, "val_f1": 0.21754085174837012, "_timestamp": 1697999614.6209989, "_runtime": 35.85588097572327, "_step": 1999, "train_accuracy": 0.6102189781021898, "train_loss": 1.0059823822287917, "_wandb": {"runtime": 34}}