{"epoch": 9990, "val_accuracy": 0.6423357664233577, "val_loss": 0.9328095863970511, "val_precision": 0.33555286521388217, "val_recall": 0.29738133785624343, "val_f1": 0.303586708168206, "_timestamp": 1698000103.3176188, "_runtime": 36.601680755615234, "_step": 1999, "train_accuracy": 0.6175182481751825, "train_loss": 0.956032417770091, "_wandb": {"runtime": 34}}