{"epoch": 9990, "mse": 19.95049184043462, "r2": 0.7124045004026386, "rmse": 4.466597344784351, "_timestamp": 1697996237.325409, "_runtime": 10.35099482536316, "_step": 999, "_wandb": {"runtime": 8}}