{"epoch": 999, "val_accuracy": 0.0, "val_precision": 0.0, "val_recall": 0.0, "val_f1": 0.0, "val_loss": 8.350952448778013, "_timestamp": 1698071195.948252, "_runtime": 134.1992700099945, "_step": 1999, "train_accuracy": 0.00125, "train_loss": 8.37412038933921, "_wandb": {"runtime": 132}}