{"epoch": 9990, "mse": 10.481204970489259, "r2": 0.8489086181945207, "rmse": 3.237468914212036, "_timestamp": 1697995732.317465, "_runtime": 12.758944034576416, "_step": 999, "_wandb": {"runtime": 10}}