{"epoch": 9990, "mse": 26.19022324374791, "r2": 0.6224559074234824, "rmse": 5.117638444023562, "_timestamp": 1697994779.658422, "_runtime": 20.49934697151184, "_step": 999, "_wandb": {"runtime": 18}}