{"epoch": 9990, "val_accuracy": 0.40145985401459855, "val_loss": 1.1833960913900663, "val_precision": 0.13200716845878135, "val_recall": 0.15945827872433377, "val_f1": 0.14434853827294433, "_timestamp": 1698001515.2864, "_runtime": 31.189988136291504, "_step": 1999, "train_accuracy": 0.4335766423357664, "train_loss": 1.1644676281304571, "_wandb": {"runtime": 29}}