{"epoch": 9999, "acc": 0.6180758017492711, "_timestamp": 1697390414.793727, "_runtime": 9.056346893310547, "_step": 9999, "_wandb": {"runtime": 6}}