{"epoch": 9990, "val_accuracy": 0.291970802919708, "val_loss": 3.900027284264489, "val_precision": 0.17398544783767164, "val_recall": 0.23053778086158008, "val_f1": 0.14579344314770717, "_timestamp": 1698000784.520731, "_runtime": 29.431077003479004, "_step": 1999, "train_accuracy": 0.2671532846715328, "train_loss": 3.8269882176491485, "_wandb": {"runtime": 27}}