{"epoch": 5570, "mse": 14.29406176173922, "r2": 0.7939445369807296, "rmse": 3.7807488361089554, "_timestamp": 1697994835.3682282, "_runtime": 13.734655141830444, "_step": 557, "_wandb": {"runtime": 181}}