{"epoch": 9990, "mse": 13.737219084422494, "r2": 0.8019716798331912, "rmse": 3.706375464577556, "_timestamp": 1697996193.539068, "_runtime": 11.114706993103027, "_step": 999, "_wandb": {"runtime": 9}}