{"epoch": 9999, "acc": 0.6239067055393586, "_timestamp": 1697390841.04077, "_runtime": 8.251453161239624, "_step": 9999, "_wandb": {"runtime": 6}}