{"epoch": 9999, "acc": 0.6122448979591837, "_timestamp": 1697390614.667767, "_runtime": 8.582813024520874, "_step": 9999, "_wandb": {"runtime": 6}}