{"epoch": 5690, "mse": 15.19472785433343, "r2": 0.780961021740015, "rmse": 3.89804154086811, "_timestamp": 1697995145.133237, "_runtime": 11.57796597480774, "_step": 569}