{"epoch": 9990, "mse": 26.211329683573656, "r2": 0.6221516484029552, "rmse": 5.119700155631544, "_timestamp": 1697993060.631312, "_runtime": 12.464813947677612, "_step": 999, "_wandb": {"runtime": 10}}