{"epoch": 9990, "val_accuracy": 0.6313868613138686, "val_loss": 0.9389984291405203, "val_precision": 0.32273550724637684, "val_recall": 0.2896782566237504, "val_f1": 0.29439258264942597, "_timestamp": 1697999732.887965, "_runtime": 59.98503398895264, "_step": 1999, "train_accuracy": 0.6496350364963503, "train_loss": 0.9038555272679046, "_wandb": {"runtime": 58}}