{"epoch": 9990, "val_accuracy": 0.4233576642335766, "val_loss": 3.0025309086576026, "val_precision": 0.22040763673890607, "val_recall": 0.23163424391163193, "val_f1": 0.2245030542337417, "_timestamp": 1698000570.208871, "_runtime": 16.17847180366516, "_step": 1999, "train_accuracy": 0.381021897810219, "train_loss": 3.1753641812015827, "_wandb": {"runtime": 14}}