{"epoch": 9990, "mse": 6.478877371027794, "r2": 0.906604008098971, "rmse": 2.5453638975650996, "_timestamp": 1697995651.170751, "_runtime": 20.408140182495117, "_step": 999, "_wandb": {"runtime": 18}}