{"data": "validation", "epoch": 20, "loss": 0.08157560974359512, "accuracy": 0.9849, "confusion_matrix": {"_type": "histogram", "values": [90, 0, 0, 0, 0, 0, 0, 0, 0, 0, 0, 0, 0, 0, 0, 0, 0, 0, 0, 0, 0, 0, 0, 0, 1, 0, 2, 3, 3, 0, 0, 1], "bins": [0.0, 35.28125, 70.5625, 105.84375, 141.125, 176.40625, 211.6875, 246.96875, 282.25, 317.53125, 352.8125, 388.09375, 423.375, 458.65625, 493.9375, 529.21875, 564.5, 599.78125, 635.0625, 670.34375, 705.625, 740.90625, 776.1875, 811.46875, 846.75, 882.03125, 917.3125, 952.59375, 987.875, 1023.15625, 1058.4375, 1093.71875, 1129.0]}, "class_report": "              precision    recall  f1-score   support\n\n           0       0.99      1.00      0.99       980\n           1       0.99      0.99      0.99      1135\n           2       0.99      0.97      0.98      1032\n           3       0.99      0.99      0.99      1010\n           4       0.97      0.99      0.98       982\n           5       0.98      0.99      0.98       892\n           6       0.99      0.98      0.99       958\n           7       0.98      0.99      0.98      1028\n           8       0.99      0.97      0.98       974\n           9       0.99      0.98      0.98      1009\n\n    accuracy                           0.98     10000\n   macro avg       0.98      0.98      0.98     10000\nweighted avg       0.98      0.98      0.98     10000\n", "_timestamp": 1697485521.290227, "_runtime": 113.59009885787964, "_step": 5, "_wandb": {"runtime": 111}}