{"epoch": 9990, "mse": 9.689035652150954, "r2": 0.8603281026210382, "rmse": 3.1127215828195998, "_timestamp": 1697995990.2408562, "_runtime": 8.330796241760254, "_step": 999, "_wandb": {"runtime": 6}}