{"data": "validation", "epoch": 20, "loss": 0.13842350244522095, "accuracy": 0.9808, "confusion_matrix": {"_type": "histogram", "values": [90, 0, 0, 0, 0, 0, 0, 0, 0, 0, 0, 0, 0, 0, 0, 0, 0, 0, 0, 0, 0, 0, 0, 0, 1, 0, 2, 3, 3, 0, 0, 1], "bins": [0.0, 35.4375, 70.875, 106.3125, 141.75, 177.1875, 212.625, 248.0625, 283.5, 318.9375, 354.375, 389.8125, 425.25, 460.6875, 496.125, 531.5625, 567.0, 602.4375, 637.875, 673.3125, 708.75, 744.1875, 779.625, 815.0625, 850.5, 885.9375, 921.375, 956.8125, 992.25, 1027.6875, 1063.125, 1098.5625, 1134.0]}, "class_report": "              precision    recall  f1-score   support\n\n           0       0.99      0.99      0.99       980\n           1       0.98      1.00      0.99      1135\n           2       0.99      0.97      0.98      1032\n           3       0.98      0.99      0.98      1010\n           4       0.98      0.98      0.98       982\n           5       0.98      0.98      0.98       892\n           6       0.97      0.99      0.98       958\n           7       0.97      0.98      0.97      1028\n           8       0.99      0.96      0.97       974\n           9       0.99      0.97      0.98      1009\n\n    accuracy                           0.98     10000\n   macro avg       0.98      0.98      0.98     10000\nweighted avg       0.98      0.98      0.98     10000\n", "_timestamp": 1697476259.918437, "_runtime": 92.82205891609192, "_step": 5, "_wandb": {"runtime": 90}}