{"epoch": 9990, "val_accuracy": 0.33211678832116787, "val_loss": 1.5518954360000383, "val_precision": 0.1448578926520103, "val_recall": 0.14437977025672655, "val_f1": 0.14079695084620314, "_timestamp": 1698001790.6333299, "_runtime": 24.494634866714478, "_step": 1999, "train_accuracy": 0.3562043795620438, "train_loss": 1.4974802625331523, "_wandb": {"runtime": 22}}