{"epoch": 9999, "acc": 0.6180758017492711, "_timestamp": 1697390853.400913, "_runtime": 8.235217094421387, "_step": 9999, "_wandb": {"runtime": 6}}