{"epoch": 9990, "val_accuracy": 0.40145985401459855, "val_loss": 1.3154207971953729, "val_precision": 0.1346838104480026, "val_recall": 0.15586050934135123, "val_f1": 0.12413793103448274, "_timestamp": 1698000359.59252, "_runtime": 19.266613960266113, "_step": 1999, "train_accuracy": 0.4408759124087591, "train_loss": 1.1930475451047913, "_wandb": {"runtime": 17}}