{"epoch": 9990, "val_accuracy": 0.4744525547445255, "val_loss": 1.7992356475957074, "val_precision": 0.22872095698182657, "val_recall": 0.22559941407755765, "val_f1": 0.22521057169689393, "_timestamp": 1698000593.884355, "_runtime": 19.067849159240723, "_step": 1999, "train_accuracy": 0.4364963503649635, "train_loss": 1.6820233513920655, "_wandb": {"runtime": 17}}