{"data": "validation", "epoch": 20, "loss": 0.0791785717010498, "accuracy": 0.9855, "confusion_matrix": {"_type": "histogram", "values": [90, 0, 0, 0, 0, 0, 0, 0, 0, 0, 0, 0, 0, 0, 0, 0, 0, 0, 0, 0, 0, 0, 0, 0, 1, 0, 1, 4, 3, 0, 0, 1], "bins": [0.0, 35.40625, 70.8125, 106.21875, 141.625, 177.03125, 212.4375, 247.84375, 283.25, 318.65625, 354.0625, 389.46875, 424.875, 460.28125, 495.6875, 531.09375, 566.5, 601.90625, 637.3125, 672.71875, 708.125, 743.53125, 778.9375, 814.34375, 849.75, 885.15625, 920.5625, 955.96875, 991.375, 1026.78125, 1062.1875, 1097.59375, 1133.0]}, "class_report": "              precision    recall  f1-score   support\n\n           0       0.99      0.99      0.99       980\n           1       0.99      1.00      0.99      1135\n           2       0.99      0.99      0.99      1032\n           3       0.98      0.99      0.99      1010\n           4       0.99      0.98      0.98       982\n           5       0.99      0.97      0.98       892\n           6       0.99      0.98      0.99       958\n           7       0.99      0.98      0.99      1028\n           8       0.97      0.99      0.98       974\n           9       0.97      0.98      0.98      1009\n\n    accuracy                           0.99     10000\n   macro avg       0.99      0.99      0.99     10000\nweighted avg       0.99      0.99      0.99     10000\n", "_timestamp": 1697478834.1273332, "_runtime": 202.74998116493225, "_step": 5, "_wandb": {"runtime": 200}}