{"epoch": 999, "mse": 30.955970194131204, "r2": 0.553755477072577, "rmse": 5.563808964561167, "_timestamp": 1697991001.4242492, "_runtime": 20.585018157958984, "_step": 999, "_wandb": {"runtime": 18}}