{"epoch": 9990, "val_accuracy": 0.5985401459854015, "val_loss": 1.145399223273552, "val_precision": 0.33142433325177395, "val_recall": 0.28381903220003596, "val_f1": 0.2940197001066566, "_timestamp": 1697999259.9302962, "_runtime": 66.84747123718262, "_step": 1999, "train_accuracy": 0.7167883211678832, "train_loss": 0.7308753552471347, "_wandb": {"runtime": 65}}