{"data": "validation", "epoch": 20, "loss": 0.11346930265426636, "accuracy": 0.9354, "confusion_matrix": {"_type": "histogram", "values": [88, 2, 0, 0, 0, 0, 0, 0, 0, 0, 0, 0, 0, 0, 0, 0, 0, 0, 0, 0, 0, 0, 0, 0, 1, 2, 4, 1, 1, 0, 0, 1], "bins": [0.0, 34.6875, 69.375, 104.0625, 138.75, 173.4375, 208.125, 242.8125, 277.5, 312.1875, 346.875, 381.5625, 416.25, 450.9375, 485.625, 520.3125, 555.0, 589.6875, 624.375, 659.0625, 693.75, 728.4375, 763.125, 797.8125, 832.5, 867.1875, 901.875, 936.5625, 971.25, 1005.9375, 1040.625, 1075.3125, 1110.0]}, "class_report": "              precision    recall  f1-score   support\n\n           0       0.95      0.95      0.95       980\n           1       0.97      0.98      0.98      1135\n           2       0.94      0.89      0.92      1032\n           3       0.89      0.96      0.93      1010\n           4       0.95      0.94      0.94       982\n           5       0.93      0.94      0.93       892\n           6       0.97      0.93      0.95       958\n           7       0.94      0.94      0.94      1028\n           8       0.93      0.90      0.91       974\n           9       0.89      0.93      0.91      1009\n\n    accuracy                           0.94     10000\n   macro avg       0.94      0.93      0.93     10000\nweighted avg       0.94      0.94      0.94     10000\n", "_timestamp": 1697480795.8988008, "_runtime": 110.73902988433838, "_step": 5, "_wandb": {"runtime": 108}}