{"epoch": 9990, "val_accuracy": 0.6131386861313869, "val_loss": 1.846815693365857, "val_precision": 0.3433768070395977, "val_recall": 0.32707364291282265, "val_f1": 0.33104792141744255, "_timestamp": 1697999829.545686, "_runtime": 50.48022389411926, "_step": 1999, "train_accuracy": 0.8627737226277372, "train_loss": 0.3738271452580548, "_wandb": {"runtime": 48}}