{"epoch": 9990, "val_accuracy": 0.4124087591240876, "val_loss": 1.2041007813521842, "val_precision": 0.25098403058929375, "val_recall": 0.19671446560275485, "val_f1": 0.20650679051936827, "_timestamp": 1698000904.557045, "_runtime": 22.86248207092285, "_step": 1999, "train_accuracy": 0.43795620437956206, "train_loss": 1.234445370171248, "_wandb": {"runtime": 20}}