{"epoch": 9990, "val_accuracy": 0.5364963503649635, "val_loss": 1.9267239640278422, "val_precision": 0.26881945413121305, "val_recall": 0.2550946984298306, "val_f1": 0.2594695918034249, "_timestamp": 1697998918.7637959, "_runtime": 66.21467590332031, "_step": 1999, "train_accuracy": 0.8423357664233576, "train_loss": 0.41678612360945866, "_wandb": {"runtime": 64}}