{"epoch": 9990, "mse": 25.71980959759345, "r2": 0.6292371361102365, "rmse": 5.071470161362822, "_timestamp": 1697993462.1320262, "_runtime": 16.562523126602173, "_step": 999, "_wandb": {"runtime": 14}}