{"epoch": 9990, "mse": 18.58174887693031, "r2": 0.732135558642094, "rmse": 4.31065527233741, "_timestamp": 1697996468.5730891, "_runtime": 10.976211071014404, "_step": 999, "_wandb": {"runtime": 9}}