{"epoch": 9990, "val_accuracy": 0.6058394160583942, "val_loss": 0.9434000289310545, "val_precision": 0.29258339699516167, "val_recall": 0.29310898671395164, "val_f1": 0.29156825198778885, "_timestamp": 1698000061.7940428, "_runtime": 62.99580478668213, "_step": 1999, "train_accuracy": 0.6846715328467153, "train_loss": 0.788044586926658, "_wandb": {"runtime": 61}}