{"data": "validation", "epoch": 2, "loss": 0.001307005761191249, "accuracy": 0.979, "confusion_matrix": {"_type": "histogram", "values": [90, 0, 0, 0, 0, 0, 0, 0, 0, 0, 0, 0, 0, 0, 0, 0, 0, 0, 0, 0, 0, 0, 0, 0, 0, 1, 1, 4, 3, 0, 0, 1], "bins": [0.0, 35.03125, 70.0625, 105.09375, 140.125, 175.15625, 210.1875, 245.21875, 280.25, 315.28125, 350.3125, 385.34375, 420.375, 455.40625, 490.4375, 525.46875, 560.5, 595.53125, 630.5625, 665.59375, 700.625, 735.65625, 770.6875, 805.71875, 840.75, 875.78125, 910.8125, 945.84375, 980.875, 1015.90625, 1050.9375, 1085.96875, 1121.0]}, "class_report": "              precision    recall  f1-score   support\n\n           0       0.98      0.99      0.99       980\n           1       0.99      0.99      0.99      1135\n           2       0.96      0.98      0.97      1032\n           3       0.99      0.98      0.98      1010\n           4       0.98      0.98      0.98       982\n           5       0.97      0.99      0.98       892\n           6       0.99      0.98      0.98       958\n           7       0.99      0.96      0.97      1028\n           8       0.96      0.98      0.97       974\n           9       0.98      0.97      0.97      1009\n\n    accuracy                           0.98     10000\n   macro avg       0.98      0.98      0.98     10000\nweighted avg       0.98      0.98      0.98     10000\n", "_timestamp": 1697474126.3001752, "_runtime": 93.48915529251099, "_step": 5, "_wandb": {"runtime": 91}}