{"epoch": 9990, "mse": 66.81616102911794, "r2": 0.03681436196971977, "rmse": 8.174115305592277, "_timestamp": 1697995524.882645, "_runtime": 20.768977880477905, "_step": 999, "_wandb": {"runtime": 18}}