{"epoch": 9990, "val_accuracy": 0.3686131386861314, "val_loss": 1.6429618809500166, "val_precision": 0.14828258779871684, "val_recall": 0.15308508724590755, "val_f1": 0.14916873709842893, "_timestamp": 1698001276.124605, "_runtime": 24.522971868515015, "_step": 1999, "train_accuracy": 0.42043795620437957, "train_loss": 1.5156560563890706, "_wandb": {"runtime": 22}}