{"epoch": 9990, "val_accuracy": 0.4233576642335766, "val_loss": 1.1410866869605547, "val_precision": 0.14209401709401712, "val_recall": 0.1690180659419731, "val_f1": 0.15400911772593187, "_timestamp": 1698000435.387337, "_runtime": 22.959796905517578, "_step": 1999, "train_accuracy": 0.41021897810218977, "train_loss": 1.147980062715848, "_wandb": {"runtime": 21}}