{"epoch": 9990, "mse": 7.498965274409283, "r2": 0.8918989726265305, "rmse": 2.738423866827282, "_timestamp": 1697994266.475623, "_runtime": 12.972477912902832, "_step": 999, "_wandb": {"runtime": 11}}