{"epoch": 9990, "mse": 28.002790853317993, "r2": 0.5963269131411566, "rmse": 5.291766326409169, "_timestamp": 1697996117.583516, "_runtime": 6.94783091545105, "_step": 999, "_wandb": {"runtime": 4}}