{"epoch": 9990, "mse": 67.19279923232779, "r2": 0.031384949347417646, "rmse": 8.197121399145422, "_timestamp": 1697995499.155531, "_runtime": 16.620759963989258, "_step": 999, "_wandb": {"runtime": 14}}