{"epoch": 9990, "mse": 44.246034064069406, "r2": 0.3621731046215301, "rmse": 6.651769243146473, "_timestamp": 1697996546.2059672, "_runtime": 9.377228260040283, "_step": 999, "_wandb": {"runtime": 7}}