{"epoch": 9990, "val_accuracy": 0.44525547445255476, "val_loss": 1.3779204538927772, "val_precision": 0.3820026774572229, "val_recall": 0.26633344469286185, "val_f1": 0.2956818884160981, "_timestamp": 1698000279.176693, "_runtime": 24.26083493232727, "_step": 1999, "train_accuracy": 0.5094890510948905, "train_loss": 1.2458078818373852, "_wandb": {"runtime": 22}}