{"epoch": 160, "val_accuracy": 0.5985401459854015, "val_loss": 0.9991524298020245, "val_precision": 0.2859087634545301, "val_recall": 0.27877573047567655, "val_f1": 0.277627657349448, "_timestamp": 1697998547.100992, "_runtime": 140.321702003479, "_step": 22666, "train_accuracy": 0.6525547445255474, "train_loss": 0.8384340999430302}