{"val_accuracy": 0.015, "val_precision": 0.0003377050790843894, "val_recall": 0.004050925925925926, "val_f1": 0.000621683198577422, "val_loss": 5.931855585478283, "_timestamp": 1698072344.681328, "_runtime": 50.984639167785645, "_step": 1, "train_accuracy": 0.025, "train_loss": 5.455510908072641, "_wandb": {"runtime": 49}}