{"epoch": 5660, "mse": 37.23288735811133, "r2": 0.463270834280593, "rmse": 6.101875724571202, "_timestamp": 1697993480.369169, "_runtime": 13.913157939910889, "_step": 566, "_wandb": {"runtime": 12}}