{"epoch": 9990, "mse": 6.3101186594491585, "r2": 0.9090367424072799, "rmse": 2.511994956095485, "_timestamp": 1697993767.731044, "_runtime": 16.249995946884155, "_step": 999, "_wandb": {"runtime": 14}}