{"epoch": 9990, "val_accuracy": 0.41605839416058393, "val_loss": 1.3875874517245934, "val_precision": 0.18265285126396238, "val_recall": 0.18777143885076966, "val_f1": 0.18042460429701787, "_timestamp": 1698001451.52788, "_runtime": 32.18843197822571, "_step": 1999, "train_accuracy": 0.4978102189781022, "train_loss": 1.168153812417255, "_wandb": {"runtime": 30}}