{"epoch": 9990, "val_accuracy": 0.39416058394160586, "val_loss": 2.0255192296704996, "val_precision": 0.22118506493506493, "val_recall": 0.20285423037716618, "val_f1": 0.20535943731039083, "_timestamp": 1698001383.9169679, "_runtime": 22.129742860794067, "_step": 1999, "train_accuracy": 0.39854014598540144, "train_loss": 1.7455438874614357, "_wandb": {"runtime": 20}}