{"epoch": 9990, "mse": 20.10011979062519, "r2": 0.7102475448030994, "rmse": 4.483315713913664, "_timestamp": 1697994136.2443252, "_runtime": 12.707887172698975, "_step": 999, "_wandb": {"runtime": 10}}