{"epoch": 9990, "val_accuracy": 0.6167883211678832, "val_loss": 1.0279559091256667, "val_precision": 0.31276971957452687, "val_recall": 0.2877059080512939, "val_f1": 0.29307297669009585, "_timestamp": 1697999300.377103, "_runtime": 35.98593497276306, "_step": 1999, "train_accuracy": 0.7182481751824817, "train_loss": 0.6925307552129121, "_wandb": {"runtime": 34}}