{"epoch": 9990, "mse": 14.860155629638017, "r2": 0.7857840339685989, "rmse": 3.85488723954904, "_timestamp": 1697995779.1858292, "_runtime": 21.45252227783203, "_step": 999, "_wandb": {"runtime": 19}}