{"epoch": 9990, "mse": 23.02082856620316, "r2": 0.6681441868403493, "rmse": 4.798002560045499, "_timestamp": 1697995280.192078, "_runtime": 12.114840030670166, "_step": 999, "_wandb": {"runtime": 11}}