{"epoch": 9990, "val_accuracy": 0.5583941605839416, "val_loss": 1.1196547603892735, "val_precision": 0.183982683982684, "val_recall": 0.2219952201063912, "val_f1": 0.2008893580945983, "_timestamp": 1698001247.070355, "_runtime": 38.05801701545715, "_step": 1999, "train_accuracy": 0.5343065693430656, "train_loss": 1.0968619349788036, "_wandb": {"runtime": 36}}