{"epoch": 9990, "mse": 14.192478598111654, "r2": 0.7954089049235259, "rmse": 3.767290617686888, "_timestamp": 1697992821.157897, "_runtime": 20.94578790664673, "_step": 999, "_wandb": {"runtime": 19}}