{"epoch": 9990, "mse": 23.161638104653328, "r2": 0.6661143526947784, "rmse": 4.812653956462414, "_timestamp": 1697995883.014493, "_runtime": 8.628122091293335, "_step": 999, "_wandb": {"runtime": 6}}