{"epoch": 9999, "acc": 0.60932944606414, "_timestamp": 1697390827.915682, "_runtime": 7.526520013809204, "_step": 9999, "_wandb": {"runtime": 6}}