{"epoch": 6, "val_accuracy": 0.5802919708029197, "val_loss": 1.0565816090139108, "val_precision": 0.2934816207184628, "val_recall": 0.27501734638809655, "val_f1": 0.27770852828145504, "_timestamp": 1697998351.530389, "_runtime": 59.80020618438721, "_step": 9290, "train_accuracy": 0.6364963503649635, "train_loss": 0.9039702247787391}