{"epoch": 0, "val_accuracy": 0.5547445255474452, "val_loss": 1.3070926603462807, "val_precision": 0.266809797204934, "val_recall": 0.2449759720401922, "val_f1": 0.2501362566579958, "_timestamp": 1697998578.7801988, "_runtime": 12.563034772872925, "_step": 1369, "train_accuracy": 0.49635036496350365, "train_loss": 1.4016329088877302, "_wandb": {"runtime": 11}}