{"epoch": 9990, "val_accuracy": 0.4197080291970803, "val_loss": 3.831917568067168, "val_precision": 0.25196344413634136, "val_recall": 0.2754820582667317, "val_f1": 0.24045573605529555, "_timestamp": 1698000829.730348, "_runtime": 19.07866621017456, "_step": 1999, "train_accuracy": 0.3518248175182482, "train_loss": 3.8845452962783886, "_wandb": {"runtime": 17}}