{"epoch": 9990, "mse": 44.06600760827323, "r2": 0.36476826863600853, "rmse": 6.6382232267582895, "_timestamp": 1697996301.1288419, "_runtime": 12.865429878234863, "_step": 999, "_wandb": {"runtime": 11}}