{"epoch": 9990, "mse": 20.377963301531253, "r2": 0.7062423030292118, "rmse": 4.5141957535679875, "_timestamp": 1697992630.391968, "_runtime": 11.623363018035889, "_step": 999, "_wandb": {"runtime": 10}}