{"epoch": 9999, "acc": 0.5830903790087464, "_timestamp": 1697390374.383159, "_runtime": 7.396306037902832, "_step": 9999, "_wandb": {"runtime": 6}}