{"epoch": 9990, "val_accuracy": 0.5766423357664233, "val_loss": 2.4298779031699294, "val_precision": 0.2727666130265365, "val_recall": 0.2747732120371084, "val_f1": 0.27347868612957943, "_timestamp": 1697998848.135641, "_runtime": 54.0419499874115, "_step": 1999, "train_accuracy": 0.9021897810218978, "train_loss": 0.26286157361961154, "_wandb": {"runtime": 51}}