{"epoch": 9990, "mse": 12.001836049197038, "r2": 0.8269880230391728, "rmse": 3.4643666158761315, "_timestamp": 1697995689.3450172, "_runtime": 17.286149263381958, "_step": 999, "_wandb": {"runtime": 15}}