{"data": "validation", "epoch": 20, "loss": 0.2565056383609772, "accuracy": 0.9511, "confusion_matrix": {"_type": "histogram", "values": [90, 0, 0, 0, 0, 0, 0, 0, 0, 0, 0, 0, 0, 0, 0, 0, 0, 0, 0, 0, 0, 0, 0, 0, 1, 2, 2, 2, 2, 0, 0, 1], "bins": [0.0, 34.9375, 69.875, 104.8125, 139.75, 174.6875, 209.625, 244.5625, 279.5, 314.4375, 349.375, 384.3125, 419.25, 454.1875, 489.125, 524.0625, 559.0, 593.9375, 628.875, 663.8125, 698.75, 733.6875, 768.625, 803.5625, 838.5, 873.4375, 908.375, 943.3125, 978.25, 1013.1875, 1048.125, 1083.0625, 1118.0]}, "class_report": "              precision    recall  f1-score   support\n\n           0       0.96      0.98      0.97       980\n           1       0.98      0.99      0.98      1135\n           2       0.94      0.95      0.95      1032\n           3       0.95      0.94      0.95      1010\n           4       0.93      0.95      0.94       982\n           5       0.94      0.97      0.95       892\n           6       0.98      0.94      0.96       958\n           7       0.94      0.96      0.95      1028\n           8       0.93      0.94      0.94       974\n           9       0.96      0.90      0.93      1009\n\n    accuracy                           0.95     10000\n   macro avg       0.95      0.95      0.95     10000\nweighted avg       0.95      0.95      0.95     10000\n", "_timestamp": 1697476859.8299918, "_runtime": 80.89258289337158, "_step": 5, "_wandb": {"runtime": 78}}