{"epoch": 9990, "mse": 7.470314237796764, "r2": 0.8923119904736324, "rmse": 2.7331875599374373, "_timestamp": 1697994288.369192, "_runtime": 18.041186809539795, "_step": 999, "_wandb": {"runtime": 16}}