{"epoch": 9990, "mse": 13.820381748829671, "r2": 0.8007728518439204, "rmse": 3.717577403206243, "_timestamp": 1697995715.1994932, "_runtime": 21.51500916481018, "_step": 999, "_wandb": {"runtime": 19}}