{"epoch": 9990, "mse": 28.629388882348856, "r2": 0.587294214867492, "rmse": 5.350643782046125, "_timestamp": 1697994352.297118, "_runtime": 16.448957920074463, "_step": 999, "_wandb": {"runtime": 14}}