{"epoch": 9990, "mse": 8.673290822920684, "r2": 0.8749705306855862, "rmse": 2.945045130880117, "_timestamp": 1697994222.54641, "_runtime": 17.76456308364868, "_step": 999, "_wandb": {"runtime": 15}}