{"epoch": 9990, "mse": 39.68838319247401, "r2": 0.4278737344551389, "rmse": 6.299871680635567, "_timestamp": 1697996140.302072, "_runtime": 6.225266933441162, "_step": 999, "_wandb": {"runtime": 4}}