{"data": "validation", "epoch": 20, "loss": 0.3904128670692444, "accuracy": 0.9603, "confusion_matrix": {"_type": "histogram", "values": [90, 0, 0, 0, 0, 0, 0, 0, 0, 0, 0, 0, 0, 0, 0, 0, 0, 0, 0, 0, 0, 0, 0, 0, 1, 0, 3, 5, 0, 0, 0, 1], "bins": [0.0, 35.1875, 70.375, 105.5625, 140.75, 175.9375, 211.125, 246.3125, 281.5, 316.6875, 351.875, 387.0625, 422.25, 457.4375, 492.625, 527.8125, 563.0, 598.1875, 633.375, 668.5625, 703.75, 738.9375, 774.125, 809.3125, 844.5, 879.6875, 914.875, 950.0625, 985.25, 1020.4375, 1055.625, 1090.8125, 1126.0]}, "class_report": "              precision    recall  f1-score   support\n\n           0       0.97      0.99      0.98       980\n           1       0.97      0.99      0.98      1135\n           2       0.95      0.95      0.95      1032\n           3       0.95      0.95      0.95      1010\n           4       0.97      0.97      0.97       982\n           5       0.95      0.95      0.95       892\n           6       0.99      0.96      0.98       958\n           7       0.95      0.95      0.95      1028\n           8       0.94      0.95      0.95       974\n           9       0.96      0.93      0.94      1009\n\n    accuracy                           0.96     10000\n   macro avg       0.96      0.96      0.96     10000\nweighted avg       0.96      0.96      0.96     10000\n", "_timestamp": 1697476365.685663, "_runtime": 100.28901505470276, "_step": 5, "_wandb": {"runtime": 98}}