{"epoch": 8300, "mse": 29.94950624078663, "r2": 0.5682641170501748, "rmse": 5.472614205367178, "_timestamp": 1697994679.9762309, "_runtime": 10.620126962661743, "_step": 830}