{"epoch": 9990, "val_accuracy": 0.3905109489051095, "val_loss": 4.672646332920716, "val_precision": 0.20676883780332056, "val_recall": 0.19248708657775038, "val_f1": 0.19612550399050865, "_timestamp": 1698000855.237317, "_runtime": 21.70219111442566, "_step": 1999, "train_accuracy": 0.35474452554744523, "train_loss": 4.600655272974374, "_wandb": {"runtime": 19}}