{"epoch": 9990, "mse": 10.518229141080283, "r2": 0.8483748977768254, "rmse": 3.243181946958925, "_timestamp": 1697994732.2754822, "_runtime": 11.571178197860718, "_step": 999, "_wandb": {"runtime": 10}}