{"data": "validation", "epoch": 20, "loss": 0.07181800901889801, "accuracy": 0.9726, "confusion_matrix": {"_type": "histogram", "values": [90, 0, 0, 0, 0, 0, 0, 0, 0, 0, 0, 0, 0, 0, 0, 0, 0, 0, 0, 0, 0, 0, 0, 0, 1, 0, 2, 4, 2, 0, 0, 1], "bins": [0.0, 35.25, 70.5, 105.75, 141.0, 176.25, 211.5, 246.75, 282.0, 317.25, 352.5, 387.75, 423.0, 458.25, 493.5, 528.75, 564.0, 599.25, 634.5, 669.75, 705.0, 740.25, 775.5, 810.75, 846.0, 881.25, 916.5, 951.75, 987.0, 1022.25, 1057.5, 1092.75, 1128.0]}, "class_report": "              precision    recall  f1-score   support\n\n           0       0.97      0.98      0.98       980\n           1       0.98      0.99      0.99      1135\n           2       0.96      0.98      0.97      1032\n           3       0.96      0.98      0.97      1010\n           4       0.98      0.98      0.98       982\n           5       0.98      0.97      0.98       892\n           6       0.99      0.98      0.98       958\n           7       0.97      0.94      0.96      1028\n           8       0.99      0.94      0.97       974\n           9       0.96      0.97      0.96      1009\n\n    accuracy                           0.97     10000\n   macro avg       0.97      0.97      0.97     10000\nweighted avg       0.97      0.97      0.97     10000\n", "_timestamp": 1697480004.976737, "_runtime": 105.86215209960938, "_step": 5, "_wandb": {"runtime": 104}}