{"epoch": 9990, "val_accuracy": 0.6167883211678832, "val_loss": 0.9464472326883407, "val_precision": 0.287266135360239, "val_recall": 0.2830480816179683, "val_f1": 0.28135564032045673, "_timestamp": 1697999132.739317, "_runtime": 38.76660490036011, "_step": 1999, "train_accuracy": 0.6204379562043796, "train_loss": 0.8767967199428357, "_wandb": {"runtime": 36}}