{"epoch": 9990, "mse": 11.743480945351843, "r2": 0.8307123304777141, "rmse": 3.426876266419878, "_timestamp": 1697992774.968074, "_runtime": 12.808402061462402, "_step": 999, "_wandb": {"runtime": 10}}