{"epoch": 0, "mse": 68.42848348755399, "r2": 0.013571993478023181, "rmse": 8.272151079831291, "_timestamp": 1697993564.389416, "_runtime": 5.037760019302368, "_step": 0, "_wandb": {"runtime": 51}}